texto_concatenado;dimensión;criterio;n_pregunta;pregunta;respuesta;nivel de madurez_concepto;nivel de madurez_valor
Visiï¿½n Estratï¿½gicaVisiï¿½nï¿½Existe un compromiso directivo formal y efectivo con la gestiï¿½n y gobernanza de datos como elementos que aportan valor pï¿½blico?No;Visiï¿½n Estratï¿½gica;Visiï¿½n;1;ï¿½Existe un compromiso directivo formal y efectivo con la gestiï¿½n y gobernanza de datos como elementos que aportan valor pï¿½blico?;No;Insuficiente;0
Visiï¿½n Estratï¿½gicaVisiï¿½nï¿½Existe un compromiso directivo formal y efectivo con la gestiï¿½n y gobernanza de datos como elementos que aportan valor pï¿½blico?Sï¿½;Visiï¿½n Estratï¿½gica;Visiï¿½n;1;ï¿½Existe un compromiso directivo formal y efectivo con la gestiï¿½n y gobernanza de datos como elementos que aportan valor pï¿½blico?;Sï¿½;Avanzado;6
Visiï¿½n Estratï¿½gicaEstrategiaï¿½Estï¿½n incluidos los temas de datos en los objetivos e iniciativas estratï¿½gicas de la organizaciï¿½n?No;Visiï¿½n Estratï¿½gica;Estrategia;2;ï¿½Estï¿½n incluidos los temas de datos en los objetivos e iniciativas estratï¿½gicas de la organizaciï¿½n?;No;Insuficiente;0
Visiï¿½n Estratï¿½gicaEstrategiaï¿½Estï¿½n incluidos los temas de datos en los objetivos e iniciativas estratï¿½gicas de la organizaciï¿½n?Sï¿½, pero de forma indirecta;Visiï¿½n Estratï¿½gica;Estrategia;2;ï¿½Estï¿½n incluidos los temas de datos en los objetivos e iniciativas estratï¿½gicas de la organizaciï¿½n?;Sï¿½, pero de forma indirecta;Bï¿½sico;2
Visiï¿½n Estratï¿½gicaEstrategiaï¿½Estï¿½n incluidos los temas de datos en los objetivos e iniciativas estratï¿½gicas de la organizaciï¿½n?Sï¿½, de forma clara y explï¿½cita;Visiï¿½n Estratï¿½gica;Estrategia;2;ï¿½Estï¿½n incluidos los temas de datos en los objetivos e iniciativas estratï¿½gicas de la organizaciï¿½n?;Sï¿½, de forma clara y explï¿½cita;Avanzado;6
Visiï¿½n Estratï¿½gicaPresupuesto y Recursosï¿½Existe una asignaciï¿½n de presupuestos y recursos para cumplimiento de hoja de ruta o plan de gobernanza? (cuando existe)No Aplica;Visiï¿½n Estratï¿½gica;Presupuesto y Recursos;3;ï¿½Existe una asignaciï¿½n de presupuestos y recursos para cumplimiento de hoja de ruta o plan de gobernanza? (cuando existe);No Aplica;Insuficiente;0
Visiï¿½n Estratï¿½gicaPresupuesto y Recursosï¿½Existe una asignaciï¿½n de presupuestos y recursos para cumplimiento de hoja de ruta o plan de gobernanza? (cuando existe)No;Visiï¿½n Estratï¿½gica;Presupuesto y Recursos;3;ï¿½Existe una asignaciï¿½n de presupuestos y recursos para cumplimiento de hoja de ruta o plan de gobernanza? (cuando existe);No;Insuficiente;0
Visiï¿½n Estratï¿½gicaPresupuesto y Recursosï¿½Existe una asignaciï¿½n de presupuestos y recursos para cumplimiento de hoja de ruta o plan de gobernanza? (cuando existe)Sï¿½;Visiï¿½n Estratï¿½gica;Presupuesto y Recursos;3;ï¿½Existe una asignaciï¿½n de presupuestos y recursos para cumplimiento de hoja de ruta o plan de gobernanza? (cuando existe);Sï¿½;Avanzado;6
Visiï¿½n Estratï¿½gicaCapacidadesï¿½Existen actualmente en la instituciï¿½n capacidades para la gestiï¿½n de datos?No;Visiï¿½n Estratï¿½gica;Capacidades;4;ï¿½Existen actualmente en la instituciï¿½n capacidades para la gestiï¿½n de datos?;No;Insuficiente;0
Visiï¿½n Estratï¿½gicaCapacidadesï¿½Existen actualmente en la instituciï¿½n capacidades para la gestiï¿½n de datos?Sï¿½, pero personas especï¿½ficas en ï¿½mbitos especï¿½ficos del MGDE;Visiï¿½n Estratï¿½gica;Capacidades;4;ï¿½Existen actualmente en la instituciï¿½n capacidades para la gestiï¿½n de datos?;Sï¿½, pero personas especï¿½ficas en ï¿½mbitos especï¿½ficos del MGDE;Bï¿½sico;2
Visiï¿½n Estratï¿½gicaCapacidadesï¿½Existen actualmente en la instituciï¿½n capacidades para la gestiï¿½n de datos?Sï¿½, equipos que abordan algunos ï¿½mbitos del MGDE;Visiï¿½n Estratï¿½gica;Capacidades;4;ï¿½Existen actualmente en la instituciï¿½n capacidades para la gestiï¿½n de datos?;Sï¿½, equipos que abordan algunos ï¿½mbitos del MGDE;Medio;4
Visiï¿½n Estratï¿½gicaCapacidadesï¿½Existen actualmente en la instituciï¿½n capacidades para la gestiï¿½n de datos?Sï¿½, equipos que abordan a la mayorï¿½a (o todos) los ï¿½mbitos del MGDE;Visiï¿½n Estratï¿½gica;Capacidades;4;ï¿½Existen actualmente en la instituciï¿½n capacidades para la gestiï¿½n de datos?;Sï¿½, equipos que abordan a la mayorï¿½a (o todos) los ï¿½mbitos del MGDE;Avanzado;6
Visiï¿½n Estratï¿½gicaGestiï¿½n del Cambioï¿½Existe un plan de gestiï¿½n del cambio, ya sea especï¿½fico en torno a la Ley de Transformaciï¿½n Digital o Institucional que aborde los temas de datos?No;Visiï¿½n Estratï¿½gica;Gestiï¿½n del Cambio;5;ï¿½Existe un plan de gestiï¿½n del cambio, ya sea especï¿½fico en torno a la Ley de Transformaciï¿½n Digital o Institucional que aborde los temas de datos?;No;Insuficiente;0
Visiï¿½n Estratï¿½gicaGestiï¿½n del Cambioï¿½Existe un plan de gestiï¿½n del cambio, ya sea especï¿½fico en torno a la Ley de Transformaciï¿½n Digital o Institucional que aborde los temas de datos?Sï¿½, se usa la guï¿½a base;Visiï¿½n Estratï¿½gica;Gestiï¿½n del Cambio;5;ï¿½Existe un plan de gestiï¿½n del cambio, ya sea especï¿½fico en torno a la Ley de Transformaciï¿½n Digital o Institucional que aborde los temas de datos?;Sï¿½, se usa la guï¿½a base;Bï¿½sico;2
Visiï¿½n Estratï¿½gicaGestiï¿½n del Cambioï¿½Existe un plan de gestiï¿½n del cambio, ya sea especï¿½fico en torno a la Ley de Transformaciï¿½n Digital o Institucional que aborde los temas de datos?Sï¿½, adaptada de la guï¿½a base;Visiï¿½n Estratï¿½gica;Gestiï¿½n del Cambio;5;ï¿½Existe un plan de gestiï¿½n del cambio, ya sea especï¿½fico en torno a la Ley de Transformaciï¿½n Digital o Institucional que aborde los temas de datos?;Sï¿½, adaptada de la guï¿½a base;Medio;4
Visiï¿½n Estratï¿½gicaGestiï¿½n del Cambioï¿½Existe un plan de gestiï¿½n del cambio, ya sea especï¿½fico en torno a la Ley de Transformaciï¿½n Digital o Institucional que aborde los temas de datos?Sï¿½, de elaboraciï¿½n propia;Visiï¿½n Estratï¿½gica;Gestiï¿½n del Cambio;5;ï¿½Existe un plan de gestiï¿½n del cambio, ya sea especï¿½fico en torno a la Ley de Transformaciï¿½n Digital o Institucional que aborde los temas de datos?;Sï¿½, de elaboraciï¿½n propia;Avanzado;6
Visiï¿½n Estratï¿½gicaAlianzas y Colaboracionesï¿½Se cuenta con mï¿½ltiples alianzas o colaboraciones con otros OAE y/o privados en torno a los datos (intercambio de informaciï¿½n, anï¿½lisis de datos, etc.) y se busca activamente ampliarlas?No;Visiï¿½n Estratï¿½gica;Alianzas y Colaboraciones;6;ï¿½Se cuenta con mï¿½ltiples alianzas o colaboraciones con otros OAE y/o privados en torno a los datos (intercambio de informaciï¿½n, anï¿½lisis de datos, etc.) y se busca activamente ampliarlas?;No;Insuficiente;0
Visiï¿½n Estratï¿½gicaAlianzas y Colaboracionesï¿½Se cuenta con mï¿½ltiples alianzas o colaboraciones con otros OAE y/o privados en torno a los datos (intercambio de informaciï¿½n, anï¿½lisis de datos, etc.) y se busca activamente ampliarlas?Existen unas p;Visiï¿½n Estratï¿½gica;Alianzas y Colaboraciones;6;ï¿½Se cuenta con mï¿½ltiples alianzas o colaboraciones con otros OAE y/o privados en torno a los datos (intercambio de informaciï¿½n, anï¿½lisis de datos, etc.) y se busca activamente ampliarlas?;Existen unas pocas alianzas o colaboraciï¿½n con otros OAE y/o privados, se cubre lo bï¿½sico;Bï¿½sico;2
Visiï¿½n Estratï¿½gicaAlianzas y Colaboracionesï¿½Se cuenta con mï¿½ltiples alianzas o colaboraciones con otros OAE y/o privados en torno a los datos (intercambio de informaciï¿½n, anï¿½lisis de datos, etc.) y se busca activamente ampliarlas?Existen alianz;Visiï¿½n Estratï¿½gica;Alianzas y Colaboraciones;6;ï¿½Se cuenta con mï¿½ltiples alianzas o colaboraciones con otros OAE y/o privados en torno a los datos (intercambio de informaciï¿½n, anï¿½lisis de datos, etc.) y se busca activamente ampliarlas?;Existen alianzas o colaboraciones con otros OAE y/o privados y se estï¿½n definiendo mecanismos para ampliarlas;Medio;4
Visiï¿½n Estratï¿½gicaAlianzas y Colaboracionesï¿½Se cuenta con mï¿½ltiples alianzas o colaboraciones con otros OAE y/o privados en torno a los datos (intercambio de informaciï¿½n, anï¿½lisis de datos, etc.) y se busca activamente ampliarlas?Existen alianz;Visiï¿½n Estratï¿½gica;Alianzas y Colaboraciones;6;ï¿½Se cuenta con mï¿½ltiples alianzas o colaboraciones con otros OAE y/o privados en torno a los datos (intercambio de informaciï¿½n, anï¿½lisis de datos, etc.) y se busca activamente ampliarlas?;Existen alianzas o colaboraciones con otros OAE y/o privados, y existen mecanismos para activamente ampliarlas y explorar nuevas oportunidades;Avanzado;6
Visiï¿½n Estratï¿½gicaMediciï¿½n y Seguimientoï¿½Existen mï¿½tricas claras para evaluar el ï¿½xito de la estrategia e implantaciï¿½n del MGDE? ï¿½Se realizan revisiones periï¿½dicas para evaluar el progreso y realizar ajustes si es necesario?No;Visiï¿½n Estratï¿½gica;Mediciï¿½n y Seguimiento;7;ï¿½Existen mï¿½tricas claras para evaluar el ï¿½xito de la estrategia e implantaciï¿½n del MGDE? ï¿½Se realizan revisiones periï¿½dicas para evaluar el progreso y realizar ajustes si es necesario?;No;Insuficiente;0
Visiï¿½n Estratï¿½gicaMediciï¿½n y Seguimientoï¿½Existen mï¿½tricas claras para evaluar el ï¿½xito de la estrategia e implantaciï¿½n del MGDE? ï¿½Se realizan revisiones periï¿½dicas para evaluar el progreso y realizar ajustes si es necesario?Se estï¿½ en proceso d;Visiï¿½n Estratï¿½gica;Mediciï¿½n y Seguimiento;7;ï¿½Existen mï¿½tricas claras para evaluar el ï¿½xito de la estrategia e implantaciï¿½n del MGDE? ï¿½Se realizan revisiones periï¿½dicas para evaluar el progreso y realizar ajustes si es necesario?;Se estï¿½ en proceso de definir las mï¿½tricas;Bï¿½sico;2
Visiï¿½n Estratï¿½gicaMediciï¿½n y Seguimientoï¿½Existen mï¿½tricas claras para evaluar el ï¿½xito de la estrategia e implantaciï¿½n del MGDE? ï¿½Se realizan revisiones periï¿½dicas para evaluar el progreso y realizar ajustes si es necesario?Sï¿½, se cuenta con mï¿½;Visiï¿½n Estratï¿½gica;Mediciï¿½n y Seguimiento;7;ï¿½Existen mï¿½tricas claras para evaluar el ï¿½xito de la estrategia e implantaciï¿½n del MGDE? ï¿½Se realizan revisiones periï¿½dicas para evaluar el progreso y realizar ajustes si es necesario?;Sï¿½, se cuenta con mï¿½tricas y se estï¿½ en proceso de recopilar los datos para evaluar.;Medio;4
Visiï¿½n Estratï¿½gicaMediciï¿½n y Seguimientoï¿½Existen mï¿½tricas claras para evaluar el ï¿½xito de la estrategia e implantaciï¿½n del MGDE? ï¿½Se realizan revisiones periï¿½dicas para evaluar el progreso y realizar ajustes si es necesario?Sï¿½, se cuenta con mï¿½;Visiï¿½n Estratï¿½gica;Mediciï¿½n y Seguimiento;7;ï¿½Existen mï¿½tricas claras para evaluar el ï¿½xito de la estrategia e implantaciï¿½n del MGDE? ï¿½Se realizan revisiones periï¿½dicas para evaluar el progreso y realizar ajustes si es necesario?;Sï¿½, se cuenta con mï¿½tricas, se realizan revisiones periï¿½dicas y se realizan ajustes si es necesario.;Avanzado;6
Gobernanza de DatosPolï¿½tica de gobernanza de datosï¿½Existe una polï¿½tica/estrategia de gobernanza de datos que cubra la gestiï¿½n de los datos a lo largo de su ciclo de vida, desde su creaciï¿½n hasta su eliminaciï¿½n o archivo?No;Gobernanza de Datos;Polï¿½tica de gobernanza de datos;8;ï¿½Existe una polï¿½tica/estrategia de gobernanza de datos que cubra la gestiï¿½n de los datos a lo largo de su ciclo de vida, desde su creaciï¿½n hasta su eliminaciï¿½n o archivo?;No;Insuficiente;0
Gobernanza de DatosPolï¿½tica de gobernanza de datosï¿½Existe una polï¿½tica/estrategia de gobernanza de datos que cubra la gestiï¿½n de los datos a lo largo de su ciclo de vida, desde su creaciï¿½n hasta su eliminaciï¿½n o archivo?Sï¿½, se ha adoptado la po;Gobernanza de Datos;Polï¿½tica de gobernanza de datos;8;ï¿½Existe una polï¿½tica/estrategia de gobernanza de datos que cubra la gestiï¿½n de los datos a lo largo de su ciclo de vida, desde su creaciï¿½n hasta su eliminaciï¿½n o archivo?;Sï¿½, se ha adoptado la polï¿½tica base o se ha desarrollado una propia;Bï¿½sico;2
Gobernanza de DatosPolï¿½tica de gobernanza de datosï¿½Existe una polï¿½tica/estrategia de gobernanza de datos que cubra la gestiï¿½n de los datos a lo largo de su ciclo de vida, desde su creaciï¿½n hasta su eliminaciï¿½n o archivo?Sï¿½, se ha adaptado la po;Gobernanza de Datos;Polï¿½tica de gobernanza de datos;8;ï¿½Existe una polï¿½tica/estrategia de gobernanza de datos que cubra la gestiï¿½n de los datos a lo largo de su ciclo de vida, desde su creaciï¿½n hasta su eliminaciï¿½n o archivo?;Sï¿½, se ha adaptado la polï¿½tica base (para mejor alineamiento a la instituciï¿½n);Medio;4
Gobernanza de DatosPolï¿½tica de gobernanza de datosï¿½Existe una polï¿½tica/estrategia de gobernanza de datos que cubra la gestiï¿½n de los datos a lo largo de su ciclo de vida, desde su creaciï¿½n hasta su eliminaciï¿½n o archivo?Sï¿½, se ha adaptado la po;Gobernanza de Datos;Polï¿½tica de gobernanza de datos;8;ï¿½Existe una polï¿½tica/estrategia de gobernanza de datos que cubra la gestiï¿½n de los datos a lo largo de su ciclo de vida, desde su creaciï¿½n hasta su eliminaciï¿½n o archivo?;Sï¿½, se ha adaptado la polï¿½tica base, alineada con la Ley de TD, y se ha extendido para incluir temas especï¿½ficos de la instituciï¿½n;Avanzado;6
Gobernanza de DatosOrganizaciï¿½nï¿½Existen roles o funciones institucionales responsables del liderazgo de datos?No;Gobernanza de Datos;Organizaciï¿½n;9;ï¿½Existen roles o funciones institucionales responsables del liderazgo de datos?;No;Insuficiente;0
Gobernanza de DatosOrganizaciï¿½nï¿½Existen roles o funciones institucionales responsables del liderazgo de datos?Sï¿½, rol y/o equipo compartido;Gobernanza de Datos;Organizaciï¿½n;9;ï¿½Existen roles o funciones institucionales responsables del liderazgo de datos?;Sï¿½, rol y/o equipo compartido;Bï¿½sico;2
Gobernanza de DatosOrganizaciï¿½nï¿½Existen roles o funciones institucionales responsables del liderazgo de datos?Sï¿½, rol y/o equipo dedicado;Gobernanza de Datos;Organizaciï¿½n;9;ï¿½Existen roles o funciones institucionales responsables del liderazgo de datos?;Sï¿½, rol y/o equipo dedicado;Medio;4
Gobernanza de DatosOrganizaciï¿½nï¿½Existen roles o funciones institucionales responsables del liderazgo de datos?Sï¿½, unidad responsable formalmente definida;Gobernanza de Datos;Organizaciï¿½n;9;ï¿½Existen roles o funciones institucionales responsables del liderazgo de datos?;Sï¿½, unidad responsable formalmente definida;Avanzado;6
Gobernanza de DatosImplementaciï¿½nï¿½Existe un plan de implementaciï¿½n de la gobernanza de datos?No;Gobernanza de Datos;Implementaciï¿½n;10;ï¿½Existe un plan de implementaciï¿½n de la gobernanza de datos?;No;Insuficiente;0
Gobernanza de DatosImplementaciï¿½nï¿½Existe un plan de implementaciï¿½n de la gobernanza de datos?Sï¿½, guï¿½a base;Gobernanza de Datos;Implementaciï¿½n;10;ï¿½Existe un plan de implementaciï¿½n de la gobernanza de datos?;Sï¿½, guï¿½a base;Bï¿½sico;2
Gobernanza de DatosImplementaciï¿½nï¿½Existe un plan de implementaciï¿½n de la gobernanza de datos?Sï¿½, adaptado de la guï¿½a base;Gobernanza de Datos;Implementaciï¿½n;10;ï¿½Existe un plan de implementaciï¿½n de la gobernanza de datos?;Sï¿½, adaptado de la guï¿½a base;Medio;4
Gobernanza de DatosImplementaciï¿½nï¿½Existe un plan de implementaciï¿½n de la gobernanza de datos?Sï¿½, de elaboraciï¿½n propia;Gobernanza de Datos;Implementaciï¿½n;10;ï¿½Existe un plan de implementaciï¿½n de la gobernanza de datos?;Sï¿½, de elaboraciï¿½n propia;Avanzado;6
Gobernanza de DatosHerramientasï¿½Se han incorporado herramientas para apoyo a la gobernanza?No;Gobernanza de Datos;Herramientas;11;ï¿½Se han incorporado herramientas para apoyo a la gobernanza?;No;Insuficiente;0
Gobernanza de DatosHerramientasï¿½Se han incorporado herramientas para apoyo a la gobernanza?Sï¿½, planillas, presentaciones, documentos;Gobernanza de Datos;Herramientas;11;ï¿½Se han incorporado herramientas para apoyo a la gobernanza?;Sï¿½, planillas, presentaciones, documentos;Bï¿½sico;2
Gobernanza de DatosHerramientasï¿½Se han incorporado herramientas para apoyo a la gobernanza?Sï¿½, Herramientas de catï¿½logo;Gobernanza de Datos;Herramientas;11;ï¿½Se han incorporado herramientas para apoyo a la gobernanza?;Sï¿½, Herramientas de catï¿½logo;Medio;4
Gobernanza de DatosHerramientasï¿½Se han incorporado herramientas para apoyo a la gobernanza?Sï¿½, herramientas de gobernanza que cubren mï¿½s que el catï¿½logo;Gobernanza de Datos;Herramientas;11;ï¿½Se han incorporado herramientas para apoyo a la gobernanza?;Sï¿½, herramientas de gobernanza que cubren mï¿½s que el catï¿½logo;Avanzado;6
Gobernanza de DatosCapacitaciï¿½nï¿½Se han realizado capacitaciones de gobernanza y gestiï¿½n de datos en base al MGDE (o DAMA) en la instituciï¿½n?No;Gobernanza de Datos;Capacitaciï¿½n;12;ï¿½Se han realizado capacitaciones de gobernanza y gestiï¿½n de datos en base al MGDE (o DAMA) en la instituciï¿½n?;No;Insuficiente;0
Gobernanza de DatosCapacitaciï¿½nï¿½Se han realizado capacitaciones de gobernanza y gestiï¿½n de datos en base al MGDE (o DAMA) en la instituciï¿½n?Sï¿½, bï¿½sica (seminarios, presentaciones);Gobernanza de Datos;Capacitaciï¿½n;12;ï¿½Se han realizado capacitaciones de gobernanza y gestiï¿½n de datos en base al MGDE (o DAMA) en la instituciï¿½n?;Sï¿½, bï¿½sica (seminarios, presentaciones);Bï¿½sico;2
Gobernanza de DatosCapacitaciï¿½nï¿½Se han realizado capacitaciones de gobernanza y gestiï¿½n de datos en base al MGDE (o DAMA) en la instituciï¿½n?Sï¿½, a responsables de datos;Gobernanza de Datos;Capacitaciï¿½n;12;ï¿½Se han realizado capacitaciones de gobernanza y gestiï¿½n de datos en base al MGDE (o DAMA) en la instituciï¿½n?;Sï¿½, a responsables de datos;Medio;4
Gobernanza de DatosCapacitaciï¿½nï¿½Se han realizado capacitaciones de gobernanza y gestiï¿½n de datos en base al MGDE (o DAMA) en la instituciï¿½n?Sï¿½, a equipos que manejan datos;Gobernanza de Datos;Capacitaciï¿½n;12;ï¿½Se han realizado capacitaciones de gobernanza y gestiï¿½n de datos en base al MGDE (o DAMA) en la instituciï¿½n?;Sï¿½, a equipos que manejan datos;Avanzado;6
Gobernanza de DatosGestiï¿½n de Riesgosï¿½Se han identificado y evaluado los riesgos asociados con la gestiï¿½n de datos y existen procesos para mitigar y gestionar estos riesgos de manera efectiva?No;Gobernanza de Datos;Gestiï¿½n de Riesgos;13;ï¿½Se han identificado y evaluado los riesgos asociados con la gestiï¿½n de datos y existen procesos para mitigar y gestionar estos riesgos de manera efectiva?;No;Insuficiente;0
Gobernanza de DatosGestiï¿½n de Riesgosï¿½Se han identificado y evaluado los riesgos asociados con la gestiï¿½n de datos y existen procesos para mitigar y gestionar estos riesgos de manera efectiva?Sï¿½, se han evaluado y se estï¿½n definiendo un plan pa;Gobernanza de Datos;Gestiï¿½n de Riesgos;13;ï¿½Se han identificado y evaluado los riesgos asociados con la gestiï¿½n de datos y existen procesos para mitigar y gestionar estos riesgos de manera efectiva?;Sï¿½, se han evaluado y se estï¿½n definiendo un plan para su gestiï¿½n;Bï¿½sico;2
Gobernanza de DatosGestiï¿½n de Riesgosï¿½Se han identificado y evaluado los riesgos asociados con la gestiï¿½n de datos y existen procesos para mitigar y gestionar estos riesgos de manera efectiva?Sï¿½, se han evaluado y se estï¿½n desarrollando los pro;Gobernanza de Datos;Gestiï¿½n de Riesgos;13;ï¿½Se han identificado y evaluado los riesgos asociados con la gestiï¿½n de datos y existen procesos para mitigar y gestionar estos riesgos de manera efectiva?;Sï¿½, se han evaluado y se estï¿½n desarrollando los procesos para su gestiï¿½n;Medio;4
Gobernanza de DatosGestiï¿½n de Riesgosï¿½Se han identificado y evaluado los riesgos asociados con la gestiï¿½n de datos y existen procesos para mitigar y gestionar estos riesgos de manera efectiva?Sï¿½, se han evaluado y se cuenta con procesos para su;Gobernanza de Datos;Gestiï¿½n de Riesgos;13;ï¿½Se han identificado y evaluado los riesgos asociados con la gestiï¿½n de datos y existen procesos para mitigar y gestionar estos riesgos de manera efectiva?;Sï¿½, se han evaluado y se cuenta con procesos para su gestiï¿½n;Avanzado;6
Gobernanza de DatosGestiï¿½n ï¿½tica de datosï¿½Existen polï¿½ticas, directivas o estï¿½ndares para promover el uso ï¿½tico de datos?No;Gobernanza de Datos;Gestiï¿½n ï¿½tica de datos;14;ï¿½Existen polï¿½ticas, directivas o estï¿½ndares para promover el uso ï¿½tico de datos?;No;Insuficiente;0
Gobernanza de DatosGestiï¿½n ï¿½tica de datosï¿½Existen polï¿½ticas, directivas o estï¿½ndares para promover el uso ï¿½tico de datos?Sï¿½;Gobernanza de Datos;Gestiï¿½n ï¿½tica de datos;14;ï¿½Existen polï¿½ticas, directivas o estï¿½ndares para promover el uso ï¿½tico de datos?;Sï¿½;Avanzado;6
Arquitectura, Diseï¿½o y Documentaciï¿½nArquitectura Institucional de datosï¿½Existe una conceptualizaciï¿½n formalizada de la informaciï¿½n relevante para el quehacer institucional?No;Arquitectura, Diseï¿½o y Documentaciï¿½n;Arquitectura Institucional de datos;15;ï¿½Existe una conceptualizaciï¿½n formalizada de la informaciï¿½n relevante para el quehacer institucional?;No;Insuficiente;0
Arquitectura, Diseï¿½o y Documentaciï¿½nArquitectura Institucional de datosï¿½Existe una conceptualizaciï¿½n formalizada de la informaciï¿½n relevante para el quehacer institucional?Sï¿½, en documento o presentaciï¿½n;Arquitectura, Diseï¿½o y Documentaciï¿½n;Arquitectura Institucional de datos;15;ï¿½Existe una conceptualizaciï¿½n formalizada de la informaciï¿½n relevante para el quehacer institucional?;Sï¿½, en documento o presentaciï¿½n;Bï¿½sico;2
Arquitectura, Diseï¿½o y Documentaciï¿½nArquitectura Institucional de datosï¿½Existe una conceptualizaciï¿½n formalizada de la informaciï¿½n relevante para el quehacer institucional?Sï¿½, mediante clasificaciones y/o modelos de alto nivel para algunos dato;Arquitectura, Diseï¿½o y Documentaciï¿½n;Arquitectura Institucional de datos;15;ï¿½Existe una conceptualizaciï¿½n formalizada de la informaciï¿½n relevante para el quehacer institucional?;Sï¿½, mediante clasificaciones y/o modelos de alto nivel para algunos datos, en algunas ï¿½reas (los mï¿½s relevantes).;Medio;4
Arquitectura, Diseï¿½o y Documentaciï¿½nArquitectura Institucional de datosï¿½Existe una conceptualizaciï¿½n formalizada de la informaciï¿½n relevante para el quehacer institucional?Sï¿½, mediante clasificaciones y/o modelos de alto nivel para la totalidad;Arquitectura, Diseï¿½o y Documentaciï¿½n;Arquitectura Institucional de datos;15;ï¿½Existe una conceptualizaciï¿½n formalizada de la informaciï¿½n relevante para el quehacer institucional?;Sï¿½, mediante clasificaciones y/o modelos de alto nivel para la totalidad de la informaciï¿½n relevante;Avanzado;6
Arquitectura, Diseï¿½o y Documentaciï¿½nCatï¿½logoï¿½Existe un levantamiento, catï¿½logo o inventario de los datos que maneja la instituciï¿½n?No;Arquitectura, Diseï¿½o y Documentaciï¿½n;Catï¿½logo;16;ï¿½Existe un levantamiento, catï¿½logo o inventario de los datos que maneja la instituciï¿½n?;No;Insuficiente;0
Arquitectura, Diseï¿½o y Documentaciï¿½nCatï¿½logoï¿½Existe un levantamiento, catï¿½logo o inventario de los datos que maneja la instituciï¿½n?Sï¿½, levantamiento general (documentos, planillas);Arquitectura, Diseï¿½o y Documentaciï¿½n;Catï¿½logo;16;ï¿½Existe un levantamiento, catï¿½logo o inventario de los datos que maneja la instituciï¿½n?;Sï¿½, levantamiento general (documentos, planillas);Bï¿½sico;2
Arquitectura, Diseï¿½o y Documentaciï¿½nCatï¿½logoï¿½Existe un levantamiento, catï¿½logo o inventario de los datos que maneja la instituciï¿½n?Sï¿½, catï¿½logo parcial con definiciones de acceso (seguridad) y caracterizaciï¿½n de datos personales, para algunos d;Arquitectura, Diseï¿½o y Documentaciï¿½n;Catï¿½logo;16;ï¿½Existe un levantamiento, catï¿½logo o inventario de los datos que maneja la instituciï¿½n?;Sï¿½, catï¿½logo parcial con definiciones de acceso (seguridad) y caracterizaciï¿½n de datos personales, para algunos datos en algunas ï¿½reas (los mï¿½s relevantes).;Medio;4
Arquitectura, Diseï¿½o y Documentaciï¿½nCatï¿½logoï¿½Existe un levantamiento, catï¿½logo o inventario de los datos que maneja la instituciï¿½n?Sï¿½, catï¿½logo documentado, con definiciones de acceso (seguridad) y caracterizaciï¿½n de datos personales, de los da;Arquitectura, Diseï¿½o y Documentaciï¿½n;Catï¿½logo;16;ï¿½Existe un levantamiento, catï¿½logo o inventario de los datos que maneja la instituciï¿½n?;Sï¿½, catï¿½logo documentado, con definiciones de acceso (seguridad) y caracterizaciï¿½n de datos personales, de los datos relevantes y con procedimiento para su actualizaciï¿½n.;Avanzado;6
Arquitectura, Diseï¿½o y Documentaciï¿½nCatï¿½logoï¿½Existe evaluaciï¿½n de la calidad de los catï¿½logos o inventarios de datos?No;Arquitectura, Diseï¿½o y Documentaciï¿½n;Catï¿½logo;17;ï¿½Existe evaluaciï¿½n de la calidad de los catï¿½logos o inventarios de datos?;No;Insuficiente;0
Arquitectura, Diseï¿½o y Documentaciï¿½nCatï¿½logoï¿½Existe evaluaciï¿½n de la calidad de los catï¿½logos o inventarios de datos?No, pero se estï¿½ en proceso de definiciï¿½n;Arquitectura, Diseï¿½o y Documentaciï¿½n;Catï¿½logo;17;ï¿½Existe evaluaciï¿½n de la calidad de los catï¿½logos o inventarios de datos?;No, pero se estï¿½ en proceso de definiciï¿½n;Bï¿½sico;2
Arquitectura, Diseï¿½o y Documentaciï¿½nCatï¿½logoï¿½Existe evaluaciï¿½n de la calidad de los catï¿½logos o inventarios de datos?Sï¿½ y se cuenta con un plan para su aplicaciï¿½n;Arquitectura, Diseï¿½o y Documentaciï¿½n;Catï¿½logo;17;ï¿½Existe evaluaciï¿½n de la calidad de los catï¿½logos o inventarios de datos?;Sï¿½ y se cuenta con un plan para su aplicaciï¿½n;Medio;4
Arquitectura, Diseï¿½o y Documentaciï¿½nCatï¿½logoï¿½Existe evaluaciï¿½n de la calidad de los catï¿½logos o inventarios de datos?Sï¿½ y se aplica sistemï¿½ticamente;Arquitectura, Diseï¿½o y Documentaciï¿½n;Catï¿½logo;17;ï¿½Existe evaluaciï¿½n de la calidad de los catï¿½logos o inventarios de datos?;Sï¿½ y se aplica sistemï¿½ticamente;Avanzado;6
Arquitectura, Diseï¿½o y Documentaciï¿½nModelos y Documentaciï¿½nï¿½Existen modelos o documentaciï¿½n (diseï¿½o, diccionario de datos) de las bases de datos?No;Arquitectura, Diseï¿½o y Documentaciï¿½n;Modelos y Documentaciï¿½n;18;ï¿½Existen modelos o documentaciï¿½n (diseï¿½o, diccionario de datos) de las bases de datos?;No;Insuficiente;0
Arquitectura, Diseï¿½o y Documentaciï¿½nModelos y Documentaciï¿½nï¿½Existen modelos o documentaciï¿½n (diseï¿½o, diccionario de datos) de las bases de datos?Sï¿½, parcial o desactualizado y sï¿½lo para algunas bases de datos o de documentos.;Arquitectura, Diseï¿½o y Documentaciï¿½n;Modelos y Documentaciï¿½n;18;ï¿½Existen modelos o documentaciï¿½n (diseï¿½o, diccionario de datos) de las bases de datos?;Sï¿½, parcial o desactualizado y sï¿½lo para algunas bases de datos o de documentos.;Bï¿½sico;2
Arquitectura, Diseï¿½o y Documentaciï¿½nModelos y Documentaciï¿½nï¿½Existen modelos o documentaciï¿½n (diseï¿½o, diccionario de datos) de las bases de datos?Sï¿½, actualizada para las bases de datos o de documentos mï¿½s relevantes.;Arquitectura, Diseï¿½o y Documentaciï¿½n;Modelos y Documentaciï¿½n;18;ï¿½Existen modelos o documentaciï¿½n (diseï¿½o, diccionario de datos) de las bases de datos?;Sï¿½, actualizada para las bases de datos o de documentos mï¿½s relevantes.;Medio;4
Arquitectura, Diseï¿½o y Documentaciï¿½nModelos y Documentaciï¿½nï¿½Existen modelos o documentaciï¿½n (diseï¿½o, diccionario de datos) de las bases de datos?Sï¿½, para todas las bases de datos o de documentos relevantes y procedimiento para su actualizaciï¿½n.;Arquitectura, Diseï¿½o y Documentaciï¿½n;Modelos y Documentaciï¿½n;18;ï¿½Existen modelos o documentaciï¿½n (diseï¿½o, diccionario de datos) de las bases de datos?;Sï¿½, para todas las bases de datos o de documentos relevantes y procedimiento para su actualizaciï¿½n.;Avanzado;6
Arquitectura, Diseï¿½o y Documentaciï¿½nMetadatosï¿½Existen directrices y estï¿½ndares para la definiciï¿½n y gestiï¿½n de metadatos asociados a datos y documentos?No;Arquitectura, Diseï¿½o y Documentaciï¿½n;Metadatos;19;ï¿½Existen directrices y estï¿½ndares para la definiciï¿½n y gestiï¿½n de metadatos asociados a datos y documentos?;No;Insuficiente;0
Arquitectura, Diseï¿½o y Documentaciï¿½nMetadatosï¿½Existen directrices y estï¿½ndares para la definiciï¿½n y gestiï¿½n de metadatos asociados a datos y documentos?No, pero se estï¿½ en proceso de definiciï¿½n;Arquitectura, Diseï¿½o y Documentaciï¿½n;Metadatos;19;ï¿½Existen directrices y estï¿½ndares para la definiciï¿½n y gestiï¿½n de metadatos asociados a datos y documentos?;No, pero se estï¿½ en proceso de definiciï¿½n;Bï¿½sico;2
Arquitectura, Diseï¿½o y Documentaciï¿½nMetadatosï¿½Existen directrices y estï¿½ndares para la definiciï¿½n y gestiï¿½n de metadatos asociados a datos y documentos?Si y se cuenta con un plan para su aplicaciï¿½n;Arquitectura, Diseï¿½o y Documentaciï¿½n;Metadatos;19;ï¿½Existen directrices y estï¿½ndares para la definiciï¿½n y gestiï¿½n de metadatos asociados a datos y documentos?;Si y se cuenta con un plan para su aplicaciï¿½n;Medio;4
Arquitectura, Diseï¿½o y Documentaciï¿½nMetadatosï¿½Existen directrices y estï¿½ndares para la definiciï¿½n y gestiï¿½n de metadatos asociados a datos y documentos?Si y se aplica de manera sistemï¿½tica;Arquitectura, Diseï¿½o y Documentaciï¿½n;Metadatos;19;ï¿½Existen directrices y estï¿½ndares para la definiciï¿½n y gestiï¿½n de metadatos asociados a datos y documentos?;Si y se aplica de manera sistemï¿½tica;Avanzado;6
Arquitectura, Diseï¿½o y Documentaciï¿½nMetadatosï¿½Existen metadatos asociados a las bases de datos?No;Arquitectura, Diseï¿½o y Documentaciï¿½n;Metadatos;20;ï¿½Existen metadatos asociados a las bases de datos?;No;Insuficiente;0
Arquitectura, Diseï¿½o y Documentaciï¿½nMetadatosï¿½Existen metadatos asociados a las bases de datos?Sï¿½, algunos metadatos asociados a bases de datos o de documentos determinados, pero no existe un estï¿½ndar.;Arquitectura, Diseï¿½o y Documentaciï¿½n;Metadatos;20;ï¿½Existen metadatos asociados a las bases de datos?;Sï¿½, algunos metadatos asociados a bases de datos o de documentos determinados, pero no existe un estï¿½ndar.;Bï¿½sico;2
Arquitectura, Diseï¿½o y Documentaciï¿½nMetadatosï¿½Existen metadatos asociados a las bases de datos?Sï¿½, existe un estï¿½ndar de metadatos aplicado a las bases de datos o de documentos mï¿½s relevantes.;Arquitectura, Diseï¿½o y Documentaciï¿½n;Metadatos;20;ï¿½Existen metadatos asociados a las bases de datos?;Sï¿½, existe un estï¿½ndar de metadatos aplicado a las bases de datos o de documentos mï¿½s relevantes.;Medio;4
Arquitectura, Diseï¿½o y Documentaciï¿½nMetadatosï¿½Existen metadatos asociados a las bases de datos?Sï¿½, existen un estï¿½ndar de metadatos aplicado a todos las bases de datos o de documentos relevantes y herramientas para gestionarlos;Arquitectura, Diseï¿½o y Documentaciï¿½n;Metadatos;20;ï¿½Existen metadatos asociados a las bases de datos?;Sï¿½, existen un estï¿½ndar de metadatos aplicado a todos las bases de datos o de documentos relevantes y herramientas para gestionarlos;Avanzado;6
Almacenamiento y Operaciï¿½nGestiï¿½n de la operaciï¿½n y almacenamientoï¿½Se gestiona la operaciï¿½n y el almacenamiento de los datos mediante la administraciï¿½n de las bases, internamente o con apoyo externo?No;Almacenamiento y Operaciï¿½n;Gestiï¿½n de la operaciï¿½n y almacenamiento;21;ï¿½Se gestiona la operaciï¿½n y el almacenamiento de los datos mediante la administraciï¿½n de las bases, internamente o con apoyo externo?;No;Insuficiente;0
Almacenamiento y Operaciï¿½nGestiï¿½n de la operaciï¿½n y almacenamientoï¿½Se gestiona la operaciï¿½n y el almacenamiento de los datos mediante la administraciï¿½n de las bases, internamente o con apoyo externo?Sï¿½, para las bases mï¿½s relevantes.;Almacenamiento y Operaciï¿½n;Gestiï¿½n de la operaciï¿½n y almacenamiento;21;ï¿½Se gestiona la operaciï¿½n y el almacenamiento de los datos mediante la administraciï¿½n de las bases, internamente o con apoyo externo?;Sï¿½, para las bases mï¿½s relevantes.;Bï¿½sico;2
Almacenamiento y Operaciï¿½nGestiï¿½n de la operaciï¿½n y almacenamientoï¿½Se gestiona la operaciï¿½n y el almacenamiento de los datos mediante la administraciï¿½n de las bases, internamente o con apoyo externo?Sï¿½, incluyendo monitoreo de las bases mï¿½s rel;Almacenamiento y Operaciï¿½n;Gestiï¿½n de la operaciï¿½n y almacenamiento;21;ï¿½Se gestiona la operaciï¿½n y el almacenamiento de los datos mediante la administraciï¿½n de las bases, internamente o con apoyo externo?;Sï¿½, incluyendo monitoreo de las bases mï¿½s relevantes.;Medio;4
Almacenamiento y Operaciï¿½nGestiï¿½n de la operaciï¿½n y almacenamientoï¿½Se gestiona la operaciï¿½n y el almacenamiento de los datos mediante la administraciï¿½n de las bases, internamente o con apoyo externo?Sï¿½, incluyendo monitoreo y planes de crecimie;Almacenamiento y Operaciï¿½n;Gestiï¿½n de la operaciï¿½n y almacenamiento;21;ï¿½Se gestiona la operaciï¿½n y el almacenamiento de los datos mediante la administraciï¿½n de las bases, internamente o con apoyo externo?;Sï¿½, incluyendo monitoreo y planes de crecimiento/mejora (planificaciï¿½n de la capacidad o capacity planning), para todas las bases de datos relevantes con herramientas especializadas.;Avanzado;6
Seguridad y Ciberseguridad de DatosSeguridadï¿½Existen polï¿½ticas y procedimientos para el cumplimiento de la normativa de seguridad de la informaciï¿½n?No;Seguridad y Ciberseguridad de Datos;Seguridad;22;ï¿½Existen polï¿½ticas y procedimientos para el cumplimiento de la normativa de seguridad de la informaciï¿½n?;No;Insuficiente;0
Seguridad y Ciberseguridad de DatosSeguridadï¿½Existen polï¿½ticas y procedimientos para el cumplimiento de la normativa de seguridad de la informaciï¿½n?Sï¿½, pero no se auditan.;Seguridad y Ciberseguridad de Datos;Seguridad;22;ï¿½Existen polï¿½ticas y procedimientos para el cumplimiento de la normativa de seguridad de la informaciï¿½n?;Sï¿½, pero no se auditan.;Bï¿½sico;2
Seguridad y Ciberseguridad de DatosSeguridadï¿½Existen polï¿½ticas y procedimientos para el cumplimiento de la normativa de seguridad de la informaciï¿½n?Sï¿½, existe un Sistema de Gestiï¿½n de Seguridad de la Informaciï¿½n (SGSI) con polï¿½ticas y procedimi;Seguridad y Ciberseguridad de Datos;Seguridad;22;ï¿½Existen polï¿½ticas y procedimientos para el cumplimiento de la normativa de seguridad de la informaciï¿½n?;Sï¿½, existe un Sistema de Gestiï¿½n de Seguridad de la Informaciï¿½n (SGSI) con polï¿½ticas y procedimientos de seguridad, pero requiere ajuste y/o auditoria.;Medio;4
Seguridad y Ciberseguridad de DatosSeguridadï¿½Existen polï¿½ticas y procedimientos para el cumplimiento de la normativa de seguridad de la informaciï¿½n?Sï¿½, existe un Sistema de Gestiï¿½n de Seguridad de la Informaciï¿½n (SGSI) con polï¿½ticas y procedimi;Seguridad y Ciberseguridad de Datos;Seguridad;22;ï¿½Existen polï¿½ticas y procedimientos para el cumplimiento de la normativa de seguridad de la informaciï¿½n?;Sï¿½, existe un Sistema de Gestiï¿½n de Seguridad de la Informaciï¿½n (SGSI) con polï¿½ticas y procedimientos de seguridad activo y auditado periï¿½dicamente.;Avanzado;6
Seguridad y Ciberseguridad de DatosCiberseguridadï¿½Existen polï¿½ticas y procedimientos de ciberseguridad de la informaciï¿½n?No;Seguridad y Ciberseguridad de Datos;Ciberseguridad;23;ï¿½Existen polï¿½ticas y procedimientos de ciberseguridad de la informaciï¿½n?;No;Insuficiente;0
Seguridad y Ciberseguridad de DatosCiberseguridadï¿½Existen polï¿½ticas y procedimientos de ciberseguridad de la informaciï¿½n?Sï¿½;Seguridad y Ciberseguridad de Datos;Ciberseguridad;23;ï¿½Existen polï¿½ticas y procedimientos de ciberseguridad de la informaciï¿½n?;Sï¿½;Bï¿½sico;2
Seguridad y Ciberseguridad de DatosCiberseguridadï¿½Existen polï¿½ticas y procedimientos de ciberseguridad de la informaciï¿½n?Sï¿½ y se validan regularmente en forma interna.;Seguridad y Ciberseguridad de Datos;Ciberseguridad;23;ï¿½Existen polï¿½ticas y procedimientos de ciberseguridad de la informaciï¿½n?;Sï¿½ y se validan regularmente en forma interna.;Medio;4
Seguridad y Ciberseguridad de DatosCiberseguridadï¿½Existen polï¿½ticas y procedimientos de ciberseguridad de la informaciï¿½n?Sï¿½ y se validan por terceros y se actualizan regularmente.;Seguridad y Ciberseguridad de Datos;Ciberseguridad;23;ï¿½Existen polï¿½ticas y procedimientos de ciberseguridad de la informaciï¿½n?;Sï¿½ y se validan por terceros y se actualizan regularmente.;Avanzado;6
Seguridad y Ciberseguridad de DatosProtecciï¿½n de Datos Personalesï¿½Existe un responsable de la protecciï¿½n de datos?No;Seguridad y Ciberseguridad de Datos;Protecciï¿½n de Datos Personales;24;ï¿½Existe un responsable de la protecciï¿½n de datos?;No;Insuficiente;0
Seguridad y Ciberseguridad de DatosProtecciï¿½n de Datos Personalesï¿½Existe un responsable de la protecciï¿½n de datos?Sï¿½;Seguridad y Ciberseguridad de Datos;Protecciï¿½n de Datos Personales;24;ï¿½Existe un responsable de la protecciï¿½n de datos?;Sï¿½;Avanzado;6
Seguridad y Ciberseguridad de DatosProtecciï¿½n de Datos Personalesï¿½Existen polï¿½ticas y procedimientos asociados al cumplimiento de la privacidad y protecciï¿½n de datos personales?No;Seguridad y Ciberseguridad de Datos;Protecciï¿½n de Datos Personales;25;ï¿½Existen polï¿½ticas y procedimientos asociados al cumplimiento de la privacidad y protecciï¿½n de datos personales?;No;Insuficiente;0
Seguridad y Ciberseguridad de DatosProtecciï¿½n de Datos Personalesï¿½Existen polï¿½ticas y procedimientos asociados al cumplimiento de la privacidad y protecciï¿½n de datos personales?Sï¿½;Seguridad y Ciberseguridad de Datos;Protecciï¿½n de Datos Personales;25;ï¿½Existen polï¿½ticas y procedimientos asociados al cumplimiento de la privacidad y protecciï¿½n de datos personales?;Sï¿½;Bï¿½sico;2
Seguridad y Ciberseguridad de DatosProtecciï¿½n de Datos Personalesï¿½Existen polï¿½ticas y procedimientos asociados al cumplimiento de la privacidad y protecciï¿½n de datos personales?Sï¿½, incluyendo mecanismos de anonimizaciï¿½n (en caso de ser necesari;Seguridad y Ciberseguridad de Datos;Protecciï¿½n de Datos Personales;25;ï¿½Existen polï¿½ticas y procedimientos asociados al cumplimiento de la privacidad y protecciï¿½n de datos personales?;Sï¿½, incluyendo mecanismos de anonimizaciï¿½n (en caso de ser necesarios) que son validados por terceros regularmente.;Medio;4
Seguridad y Ciberseguridad de DatosProtecciï¿½n de Datos Personalesï¿½Existen polï¿½ticas y procedimientos asociados al cumplimiento de la privacidad y protecciï¿½n de datos personales?Sï¿½, incluyendo mecanismos de anonimizaciï¿½n que son validados por te;Seguridad y Ciberseguridad de Datos;Protecciï¿½n de Datos Personales;25;ï¿½Existen polï¿½ticas y procedimientos asociados al cumplimiento de la privacidad y protecciï¿½n de datos personales?;Sï¿½, incluyendo mecanismos de anonimizaciï¿½n que son validados por terceros regularmente.;Avanzado;6
Seguridad y Ciberseguridad de DatosProtecciï¿½n de Datos Personalesï¿½Existen directrices para la anonimizaciï¿½n de datos cuando es requerido?No;Seguridad y Ciberseguridad de Datos;Protecciï¿½n de Datos Personales;26;ï¿½Existen directrices para la anonimizaciï¿½n de datos cuando es requerido?;No;Insuficiente;0
Seguridad y Ciberseguridad de DatosProtecciï¿½n de Datos Personalesï¿½Existen directrices para la anonimizaciï¿½n de datos cuando es requerido?Sï¿½;Seguridad y Ciberseguridad de Datos;Protecciï¿½n de Datos Personales;26;ï¿½Existen directrices para la anonimizaciï¿½n de datos cuando es requerido?;Sï¿½;Avanzado;6
Seguridad y Ciberseguridad de DatosRecuperaciï¿½n ante desastresï¿½Existen mecanismos de respaldo y recuperaciï¿½n, planes de recuperaciï¿½n ante desastres (DRP) o planes de continuidad de negocio (BCP) probados y operativos?No;Seguridad y Ciberseguridad de Datos;Recuperaciï¿½n ante desastres;27;ï¿½Existen mecanismos de respaldo y recuperaciï¿½n, planes de recuperaciï¿½n ante desastres (DRP) o planes de continuidad de negocio (BCP) probados y operativos?;No;Insuficiente;0
Seguridad y Ciberseguridad de DatosRecuperaciï¿½n ante desastresï¿½Existen mecanismos de respaldo y recuperaciï¿½n, planes de recuperaciï¿½n ante desastres (DRP) o planes de continuidad de negocio (BCP) probados y operativos?Sï¿½, existen mecanismos de r;Seguridad y Ciberseguridad de Datos;Recuperaciï¿½n ante desastres;27;ï¿½Existen mecanismos de respaldo y recuperaciï¿½n, planes de recuperaciï¿½n ante desastres (DRP) o planes de continuidad de negocio (BCP) probados y operativos?;Sï¿½, existen mecanismos de respaldo y recuperaciï¿½n;Bï¿½sico;2
Seguridad y Ciberseguridad de DatosRecuperaciï¿½n ante desastresï¿½Existen mecanismos de respaldo y recuperaciï¿½n, planes de recuperaciï¿½n ante desastres (DRP) o planes de continuidad de negocio (BCP) probados y operativos?Sï¿½, existe plan de recupera;Seguridad y Ciberseguridad de Datos;Recuperaciï¿½n ante desastres;27;ï¿½Existen mecanismos de respaldo y recuperaciï¿½n, planes de recuperaciï¿½n ante desastres (DRP) o planes de continuidad de negocio (BCP) probados y operativos?;Sï¿½, existe plan de recuperaciï¿½n ante desastres (DRP);Medio;4
Seguridad y Ciberseguridad de DatosRecuperaciï¿½n ante desastresï¿½Existen mecanismos de respaldo y recuperaciï¿½n, planes de recuperaciï¿½n ante desastres (DRP) o planes de continuidad de negocio (BCP) probados y operativos?Sï¿½, existe plan de recupera;Seguridad y Ciberseguridad de Datos;Recuperaciï¿½n ante desastres;27;ï¿½Existen mecanismos de respaldo y recuperaciï¿½n, planes de recuperaciï¿½n ante desastres (DRP) o planes de continuidad de negocio (BCP) probados y operativos?;Sï¿½, existe plan de recuperaciï¿½n ante desastres (DRP) y plan de continuidad de negocio (BCP) probado, operativo y conocido por toda la instituciï¿½n.;Avanzado;6
Integraciï¿½n e InteroperabilidadIntegraciï¿½nï¿½Existen mecanismos de integraciï¿½n y consolidaciï¿½n de datos mediante herramientas tipo ETL o Ingesta para las bases de datos y/o bases de gestiï¿½n (datamart, datawarehouse, datalake)?No;Integraciï¿½n e Interoperabilidad;Integraciï¿½n;28;ï¿½Existen mecanismos de integraciï¿½n y consolidaciï¿½n de datos mediante herramientas tipo ETL o Ingesta para las bases de datos y/o bases de gestiï¿½n (datamart, datawarehouse, datalake)?;No;Insuficiente;0
Integraciï¿½n e InteroperabilidadIntegraciï¿½nï¿½Existen mecanismos de integraciï¿½n y consolidaciï¿½n de datos mediante herramientas tipo ETL o Ingesta para las bases de datos y/o bases de gestiï¿½n (datamart, datawarehouse, datalake)?Sï¿½, para algunas bas;Integraciï¿½n e Interoperabilidad;Integraciï¿½n;28;ï¿½Existen mecanismos de integraciï¿½n y consolidaciï¿½n de datos mediante herramientas tipo ETL o Ingesta para las bases de datos y/o bases de gestiï¿½n (datamart, datawarehouse, datalake)?;Sï¿½, para algunas bases;Bï¿½sico;2
Integraciï¿½n e InteroperabilidadIntegraciï¿½nï¿½Existen mecanismos de integraciï¿½n y consolidaciï¿½n de datos mediante herramientas tipo ETL o Ingesta para las bases de datos y/o bases de gestiï¿½n (datamart, datawarehouse, datalake)?Sï¿½, para las bases m;Integraciï¿½n e Interoperabilidad;Integraciï¿½n;28;ï¿½Existen mecanismos de integraciï¿½n y consolidaciï¿½n de datos mediante herramientas tipo ETL o Ingesta para las bases de datos y/o bases de gestiï¿½n (datamart, datawarehouse, datalake)?;Sï¿½, para las bases mï¿½s relevantes.;Medio;4
Integraciï¿½n e InteroperabilidadIntegraciï¿½nï¿½Existen mecanismos de integraciï¿½n y consolidaciï¿½n de datos mediante herramientas tipo ETL o Ingesta para las bases de datos y/o bases de gestiï¿½n (datamart, datawarehouse, datalake)?Sï¿½, para todas las b;Integraciï¿½n e Interoperabilidad;Integraciï¿½n;28;ï¿½Existen mecanismos de integraciï¿½n y consolidaciï¿½n de datos mediante herramientas tipo ETL o Ingesta para las bases de datos y/o bases de gestiï¿½n (datamart, datawarehouse, datalake)?;Sï¿½, para todas las bases relevantes;Avanzado;6
Integraciï¿½n e InteroperabilidadInteroperabilidadï¿½Existen acuerdos de acceso y/o intercambio de datos con terceros, sean estas instituciones del sector pï¿½blico, privado o internacional?No;Integraciï¿½n e Interoperabilidad;Interoperabilidad;29;ï¿½Existen acuerdos de acceso y/o intercambio de datos con terceros, sean estas instituciones del sector pï¿½blico, privado o internacional?;No;Insuficiente;0
Integraciï¿½n e InteroperabilidadInteroperabilidadï¿½Existen acuerdos de acceso y/o intercambio de datos con terceros, sean estas instituciones del sector pï¿½blico, privado o internacional?Sï¿½, pero son los mï¿½nimos necesarios;Integraciï¿½n e Interoperabilidad;Interoperabilidad;29;ï¿½Existen acuerdos de acceso y/o intercambio de datos con terceros, sean estas instituciones del sector pï¿½blico, privado o internacional?;Sï¿½, pero son los mï¿½nimos necesarios;Bï¿½sico;2
Integraciï¿½n e InteroperabilidadInteroperabilidadï¿½Existen acuerdos de acceso y/o intercambio de datos con terceros, sean estas instituciones del sector pï¿½blico, privado o internacional?Sï¿½, y se estï¿½ buscando ampliarlos;Integraciï¿½n e Interoperabilidad;Interoperabilidad;29;ï¿½Existen acuerdos de acceso y/o intercambio de datos con terceros, sean estas instituciones del sector pï¿½blico, privado o internacional?;Sï¿½, y se estï¿½ buscando ampliarlos;Medio;4
Integraciï¿½n e InteroperabilidadInteroperabilidadï¿½Existen acuerdos de acceso y/o intercambio de datos con terceros, sean estas instituciones del sector pï¿½blico, privado o internacional?Sï¿½, todos los necesarios;Integraciï¿½n e Interoperabilidad;Interoperabilidad;29;ï¿½Existen acuerdos de acceso y/o intercambio de datos con terceros, sean estas instituciones del sector pï¿½blico, privado o internacional?;Sï¿½, todos los necesarios;Avanzado;6
Integraciï¿½n e InteroperabilidadInteroperabilidadï¿½Se han identificado los requerimientos de interoperabilidad (tanto de entrada como de salida) y existen mecanismos de interoperabilidad?No;Integraciï¿½n e Interoperabilidad;Interoperabilidad;30;ï¿½Se han identificado los requerimientos de interoperabilidad (tanto de entrada como de salida) y existen mecanismos de interoperabilidad?;No;Insuficiente;0
Integraciï¿½n e InteroperabilidadInteroperabilidadï¿½Se han identificado los requerimientos de interoperabilidad (tanto de entrada como de salida) y existen mecanismos de interoperabilidad?Sï¿½, incluyendo mecanismos de interoperabilidad ya sea media;Integraciï¿½n e Interoperabilidad;Interoperabilidad;30;ï¿½Se han identificado los requerimientos de interoperabilidad (tanto de entrada como de salida) y existen mecanismos de interoperabilidad?;Sï¿½, incluyendo mecanismos de interoperabilidad ya sea mediante PISEE 2.0 u otros.;Bï¿½sico;2
Integraciï¿½n e InteroperabilidadInteroperabilidadï¿½Se han identificado los requerimientos de interoperabilidad (tanto de entrada como de salida) y existen mecanismos de interoperabilidad?Sï¿½ y se han habilitado y se utilizan regularmente (como par;Integraciï¿½n e Interoperabilidad;Interoperabilidad;30;ï¿½Se han identificado los requerimientos de interoperabilidad (tanto de entrada como de salida) y existen mecanismos de interoperabilidad?;Sï¿½ y se han habilitado y se utilizan regularmente (como parte de la operaciï¿½n) algunos servicios de interoperabilidad ya sea mediante PISEE 2.0 u otros.;Medio;4
Integraciï¿½n e InteroperabilidadInteroperabilidadï¿½Se han identificado los requerimientos de interoperabilidad (tanto de entrada como de salida) y existen mecanismos de interoperabilidad?Sï¿½ y todo el intercambio de informaciï¿½n con otras entidades;Integraciï¿½n e Interoperabilidad;Interoperabilidad;30;ï¿½Se han identificado los requerimientos de interoperabilidad (tanto de entrada como de salida) y existen mecanismos de interoperabilidad?;Sï¿½ y todo el intercambio de informaciï¿½n con otras entidades se realiza mediante la plataforma PISEE 2.0;Avanzado;6
Integraciï¿½n e InteroperabilidadInteroperabilidadï¿½Se utiliza la Plataforma de Interoperabilidad del Estado para la interoperabilidad con otras instituciones?No;Integraciï¿½n e Interoperabilidad;Interoperabilidad;31;ï¿½Se utiliza la Plataforma de Interoperabilidad del Estado para la interoperabilidad con otras instituciones?;No;Insuficiente;0
Integraciï¿½n e InteroperabilidadInteroperabilidadï¿½Se utiliza la Plataforma de Interoperabilidad del Estado para la interoperabilidad con otras instituciones?Sï¿½;Integraciï¿½n e Interoperabilidad;Interoperabilidad;31;ï¿½Se utiliza la Plataforma de Interoperabilidad del Estado para la interoperabilidad con otras instituciones?;Sï¿½;Avanzado;6
Documentos y ContenidosDefinicionesï¿½Existe un diagnï¿½stico del estado de la gestiï¿½n documental y una polï¿½tica de gestiï¿½n documental?No;Documentos y Contenidos;Definiciones;32;ï¿½Existe un diagnï¿½stico del estado de la gestiï¿½n documental y una polï¿½tica de gestiï¿½n documental?;No;Insuficiente;0
Documentos y ContenidosDefinicionesï¿½Existe un diagnï¿½stico del estado de la gestiï¿½n documental y una polï¿½tica de gestiï¿½n documental?Sï¿½, existe diagnï¿½stico y se estï¿½ trabajando en la polï¿½tica;Documentos y Contenidos;Definiciones;32;ï¿½Existe un diagnï¿½stico del estado de la gestiï¿½n documental y una polï¿½tica de gestiï¿½n documental?;Sï¿½, existe diagnï¿½stico y se estï¿½ trabajando en la polï¿½tica;Bï¿½sico;2
Documentos y ContenidosDefinicionesï¿½Existe un diagnï¿½stico del estado de la gestiï¿½n documental y una polï¿½tica de gestiï¿½n documental?Sï¿½, existe una polï¿½tica de gestiï¿½n documental que incluye la definiciï¿½n de ciclo de vida, la clasificaciï¿½n, valor;Documentos y Contenidos;Definiciones;32;ï¿½Existe un diagnï¿½stico del estado de la gestiï¿½n documental y una polï¿½tica de gestiï¿½n documental?;Sï¿½, existe una polï¿½tica de gestiï¿½n documental que incluye la definiciï¿½n de ciclo de vida, la clasificaciï¿½n, valoraciï¿½n, retenciï¿½n y eliminaciï¿½n de documentos en proceso de implementaciï¿½n.;Medio;4
Documentos y ContenidosDefinicionesï¿½Existe un diagnï¿½stico del estado de la gestiï¿½n documental y una polï¿½tica de gestiï¿½n documental?Sï¿½, existen una polï¿½tica de gestiï¿½n documental, procesos asociados y mecanismos de evaluaciï¿½n y seguimiento.;Documentos y Contenidos;Definiciones;32;ï¿½Existe un diagnï¿½stico del estado de la gestiï¿½n documental y una polï¿½tica de gestiï¿½n documental?;Sï¿½, existen una polï¿½tica de gestiï¿½n documental, procesos asociados y mecanismos de evaluaciï¿½n y seguimiento.;Avanzado;6
"Documentos y ContenidosMetadatosï¿½Se ha revisado la definiciï¿½n del documento ""Metadatos para la Gestiï¿½n Documental de las Instituciones Pï¿½blicas"" identificando las brechas y generando un plan de cumplimiento?No";Documentos y Contenidos;Metadatos;33;"ï¿½Se ha revisado la definiciï¿½n del documento ""Metadatos para la Gestiï¿½n Documental de las Instituciones Pï¿½blicas"" identificando las brechas y generando un plan de cumplimiento?";No;Insuficiente;0
"Documentos y ContenidosMetadatosï¿½Se ha revisado la definiciï¿½n del documento ""Metadatos para la Gestiï¿½n Documental de las Instituciones Pï¿½blicas"" identificando las brechas y generando un plan de cumplimiento?Sï¿½";Documentos y Contenidos;Metadatos;33;"ï¿½Se ha revisado la definiciï¿½n del documento ""Metadatos para la Gestiï¿½n Documental de las Instituciones Pï¿½blicas"" identificando las brechas y generando un plan de cumplimiento?";Sï¿½;Bï¿½sico;2
"Documentos y ContenidosMetadatosï¿½Se ha revisado la definiciï¿½n del documento ""Metadatos para la Gestiï¿½n Documental de las Instituciones Pï¿½blicas"" identificando las brechas y generando un plan de cumplimiento?Sï¿½ y se estï¿½ trabajando en el plan de";Documentos y Contenidos;Metadatos;33;"ï¿½Se ha revisado la definiciï¿½n del documento ""Metadatos para la Gestiï¿½n Documental de las Instituciones Pï¿½blicas"" identificando las brechas y generando un plan de cumplimiento?";Sï¿½ y se estï¿½ trabajando en el plan de cumplimiento;Medio;4
"Documentos y ContenidosMetadatosï¿½Se ha revisado la definiciï¿½n del documento ""Metadatos para la Gestiï¿½n Documental de las Instituciones Pï¿½blicas"" identificando las brechas y generando un plan de cumplimiento?Sï¿½, se cumple a cabalidad con el docu";Documentos y Contenidos;Metadatos;33;"ï¿½Se ha revisado la definiciï¿½n del documento ""Metadatos para la Gestiï¿½n Documental de las Instituciones Pï¿½blicas"" identificando las brechas y generando un plan de cumplimiento?";Sï¿½, se cumple a cabalidad con el documento;Avanzado;6
Documentos y ContenidosExpediente Electrï¿½nicoï¿½Se cuenta con una definiciï¿½n y plan de implementaciï¿½n del expediente electrï¿½nico de acuerdo a lo requerido en la Ley 21.180 (Ley de TD)?No;Documentos y Contenidos;Expediente Electrï¿½nico;34;ï¿½Se cuenta con una definiciï¿½n y plan de implementaciï¿½n del expediente electrï¿½nico de acuerdo a lo requerido en la Ley 21.180 (Ley de TD)?;No;Insuficiente;0
Documentos y ContenidosExpediente Electrï¿½nicoï¿½Se cuenta con una definiciï¿½n y plan de implementaciï¿½n del expediente electrï¿½nico de acuerdo a lo requerido en la Ley 21.180 (Ley de TD)?Sï¿½;Documentos y Contenidos;Expediente Electrï¿½nico;34;ï¿½Se cuenta con una definiciï¿½n y plan de implementaciï¿½n del expediente electrï¿½nico de acuerdo a lo requerido en la Ley 21.180 (Ley de TD)?;Sï¿½;Bï¿½sico;2
Documentos y ContenidosExpediente Electrï¿½nicoï¿½Se cuenta con una definiciï¿½n y plan de implementaciï¿½n del expediente electrï¿½nico de acuerdo a lo requerido en la Ley 21.180 (Ley de TD)?Sï¿½ y se estï¿½ trabajando en su implementaciï¿½n;Documentos y Contenidos;Expediente Electrï¿½nico;34;ï¿½Se cuenta con una definiciï¿½n y plan de implementaciï¿½n del expediente electrï¿½nico de acuerdo a lo requerido en la Ley 21.180 (Ley de TD)?;Sï¿½ y se estï¿½ trabajando en su implementaciï¿½n;Medio;4
Documentos y ContenidosExpediente Electrï¿½nicoï¿½Se cuenta con una definiciï¿½n y plan de implementaciï¿½n del expediente electrï¿½nico de acuerdo a lo requerido en la Ley 21.180 (Ley de TD)?Sï¿½ y se cumple a cabalidad;Documentos y Contenidos;Expediente Electrï¿½nico;34;ï¿½Se cuenta con una definiciï¿½n y plan de implementaciï¿½n del expediente electrï¿½nico de acuerdo a lo requerido en la Ley 21.180 (Ley de TD)?;Sï¿½ y se cumple a cabalidad;Avanzado;6
Documentos y ContenidosRepositorio Documentalï¿½Se ha incorporado una herramienta de repositorio documental?No;Documentos y Contenidos;Repositorio Documental;35;ï¿½Se ha incorporado una herramienta de repositorio documental?;No;Insuficiente;0
Documentos y ContenidosRepositorio Documentalï¿½Se ha incorporado una herramienta de repositorio documental?Sï¿½ en una o mï¿½s ï¿½reas.;Documentos y Contenidos;Repositorio Documental;35;ï¿½Se ha incorporado una herramienta de repositorio documental?;Sï¿½ en una o mï¿½s ï¿½reas.;Bï¿½sico;2
Documentos y ContenidosRepositorio Documentalï¿½Se ha incorporado una herramienta de repositorio documental?Sï¿½ y cumplen con los estï¿½ndares definidos en la polï¿½tica institucional de gestiï¿½n documental.;Documentos y Contenidos;Repositorio Documental;35;ï¿½Se ha incorporado una herramienta de repositorio documental?;Sï¿½ y cumplen con los estï¿½ndares definidos en la polï¿½tica institucional de gestiï¿½n documental.;Medio;4
Documentos y ContenidosRepositorio Documentalï¿½Se ha incorporado una herramienta de repositorio documental?Sï¿½ y se han implementado sistemï¿½ticamente cumpliendo los estï¿½ndares definidos en la polï¿½tica institucional de gestiï¿½n documental.;Documentos y Contenidos;Repositorio Documental;35;ï¿½Se ha incorporado una herramienta de repositorio documental?;Sï¿½ y se han implementado sistemï¿½ticamente cumpliendo los estï¿½ndares definidos en la polï¿½tica institucional de gestiï¿½n documental.;Avanzado;6
Datos Maestros y de ReferenciaDatos referencialesï¿½Existen estandarizaciï¿½n de cï¿½digos de la informaciï¿½n que se comparte entre ï¿½reas y/o con externos?No;Datos Maestros y de Referencia;Datos referenciales;36;ï¿½Existen estandarizaciï¿½n de cï¿½digos de la informaciï¿½n que se comparte entre ï¿½reas y/o con externos?;No;Insuficiente;0
Datos Maestros y de ReferenciaDatos referencialesï¿½Existen estandarizaciï¿½n de cï¿½digos de la informaciï¿½n que se comparte entre ï¿½reas y/o con externos?Sï¿½, los cï¿½digos bï¿½sicos para datos que se comparten entre ï¿½reas y/o con externos.;Datos Maestros y de Referencia;Datos referenciales;36;ï¿½Existen estandarizaciï¿½n de cï¿½digos de la informaciï¿½n que se comparte entre ï¿½reas y/o con externos?;Sï¿½, los cï¿½digos bï¿½sicos para datos que se comparten entre ï¿½reas y/o con externos.;Bï¿½sico;2
Datos Maestros y de ReferenciaDatos referencialesï¿½Existen estandarizaciï¿½n de cï¿½digos de la informaciï¿½n que se comparte entre ï¿½reas y/o con externos?Sï¿½, todos los cï¿½digos para los datos mï¿½s relevantes que se comparten entre ï¿½reas y/o con externo;Datos Maestros y de Referencia;Datos referenciales;36;ï¿½Existen estandarizaciï¿½n de cï¿½digos de la informaciï¿½n que se comparte entre ï¿½reas y/o con externos?;Sï¿½, todos los cï¿½digos para los datos mï¿½s relevantes que se comparten entre ï¿½reas y/o con externos.;Medio;4
Datos Maestros y de ReferenciaDatos referencialesï¿½Existen estandarizaciï¿½n de cï¿½digos de la informaciï¿½n que se comparte entre ï¿½reas y/o con externos?Sï¿½, los cï¿½digos para todos los datos relevantes que se comparten entre ï¿½reas y/o con externos.;Datos Maestros y de Referencia;Datos referenciales;36;ï¿½Existen estandarizaciï¿½n de cï¿½digos de la informaciï¿½n que se comparte entre ï¿½reas y/o con externos?;Sï¿½, los cï¿½digos para todos los datos relevantes que se comparten entre ï¿½reas y/o con externos.;Avanzado;6
Datos Maestros y de ReferenciaDatos maestrosï¿½Existe una identificaciï¿½n de los datos maestros y estos se consolidan y gestionan centralmente?No;Datos Maestros y de Referencia;Datos maestros;37;ï¿½Existe una identificaciï¿½n de los datos maestros y estos se consolidan y gestionan centralmente?;No;Insuficiente;0
Datos Maestros y de ReferenciaDatos maestrosï¿½Existe una identificaciï¿½n de los datos maestros y estos se consolidan y gestionan centralmente?Sï¿½, pero no estï¿½n consolidados ni gestionados centralmente.;Datos Maestros y de Referencia;Datos maestros;37;ï¿½Existe una identificaciï¿½n de los datos maestros y estos se consolidan y gestionan centralmente?;Sï¿½, pero no estï¿½n consolidados ni gestionados centralmente.;Bï¿½sico;2
Datos Maestros y de ReferenciaDatos maestrosï¿½Existe una identificaciï¿½n de los datos maestros y estos se consolidan y gestionan centralmente?Sï¿½, algunos datos maestros, los mï¿½s relevantes o prioritarios, estï¿½n consolidados y gestionados, aunque ;Datos Maestros y de Referencia;Datos maestros;37;ï¿½Existe una identificaciï¿½n de los datos maestros y estos se consolidan y gestionan centralmente?;Sï¿½, algunos datos maestros, los mï¿½s relevantes o prioritarios, estï¿½n consolidados y gestionados, aunque no centralmente.;Medio;4
Datos Maestros y de ReferenciaDatos maestrosï¿½Existe una identificaciï¿½n de los datos maestros y estos se consolidan y gestionan centralmente?Sï¿½, los datos maestros relevantes estï¿½n consolidados y gestionados centralmente.;Datos Maestros y de Referencia;Datos maestros;37;ï¿½Existe una identificaciï¿½n de los datos maestros y estos se consolidan y gestionan centralmente?;Sï¿½, los datos maestros relevantes estï¿½n consolidados y gestionados centralmente.;Avanzado;6
Datos Maestros y de ReferenciaHerramientasï¿½Se cuenta con desarrollos ad-hoc o herramientas de Master Data Management (MDM) que apoyan la gestiï¿½n de los datos maestros y referenciales?No;Datos Maestros y de Referencia;Herramientas;38;ï¿½Se cuenta con desarrollos ad-hoc o herramientas de Master Data Management (MDM) que apoyan la gestiï¿½n de los datos maestros y referenciales?;No;Insuficiente;0
Datos Maestros y de ReferenciaHerramientasï¿½Se cuenta con desarrollos ad-hoc o herramientas de Master Data Management (MDM) que apoyan la gestiï¿½n de los datos maestros y referenciales?Sï¿½, se cuenta con desarrollos ad-hoc;Datos Maestros y de Referencia;Herramientas;38;ï¿½Se cuenta con desarrollos ad-hoc o herramientas de Master Data Management (MDM) que apoyan la gestiï¿½n de los datos maestros y referenciales?;Sï¿½, se cuenta con desarrollos ad-hoc;Bï¿½sico;2
Datos Maestros y de ReferenciaHerramientasï¿½Se cuenta con desarrollos ad-hoc o herramientas de Master Data Management (MDM) que apoyan la gestiï¿½n de los datos maestros y referenciales?Sï¿½, se estï¿½ en proceso de implementaciï¿½n de herramientas MDM;Datos Maestros y de Referencia;Herramientas;38;ï¿½Se cuenta con desarrollos ad-hoc o herramientas de Master Data Management (MDM) que apoyan la gestiï¿½n de los datos maestros y referenciales?;Sï¿½, se estï¿½ en proceso de implementaciï¿½n de herramientas MDM;Medio;4
Datos Maestros y de ReferenciaHerramientasï¿½Se cuenta con desarrollos ad-hoc o herramientas de Master Data Management (MDM) que apoyan la gestiï¿½n de los datos maestros y referenciales?Sï¿½, se cuenta con herramientas de MDM completamente implement;Datos Maestros y de Referencia;Herramientas;38;ï¿½Se cuenta con desarrollos ad-hoc o herramientas de Master Data Management (MDM) que apoyan la gestiï¿½n de los datos maestros y referenciales?;Sï¿½, se cuenta con herramientas de MDM completamente implementadas;Avanzado;6
Analï¿½tica e Inteligencia de NegociosToma de decisiones basada en informaciï¿½nï¿½Existe la definiciï¿½n institucional y la prï¿½ctica de hacer anï¿½lisis de datos para la gestiï¿½n y toma de decisiones?No;Analï¿½tica e Inteligencia de Negocios;Toma de decisiones basada en informaciï¿½n;39;ï¿½Existe la definiciï¿½n institucional y la prï¿½ctica de hacer anï¿½lisis de datos para la gestiï¿½n y toma de decisiones?;No;Insuficiente;0
Analï¿½tica e Inteligencia de NegociosToma de decisiones basada en informaciï¿½nï¿½Existe la definiciï¿½n institucional y la prï¿½ctica de hacer anï¿½lisis de datos para la gestiï¿½n y toma de decisiones?Sï¿½, existe la definiciï¿½n institucional y se estï¿½ traba;Analï¿½tica e Inteligencia de Negocios;Toma de decisiones basada en informaciï¿½n;39;ï¿½Existe la definiciï¿½n institucional y la prï¿½ctica de hacer anï¿½lisis de datos para la gestiï¿½n y toma de decisiones?;Sï¿½, existe la definiciï¿½n institucional y se estï¿½ trabajando en incorporar la prï¿½ctica;Bï¿½sico;2
Analï¿½tica e Inteligencia de NegociosToma de decisiones basada en informaciï¿½nï¿½Existe la definiciï¿½n institucional y la prï¿½ctica de hacer anï¿½lisis de datos para la gestiï¿½n y toma de decisiones?Sï¿½, existe la definiciï¿½n institucional y la prï¿½ctica a;Analï¿½tica e Inteligencia de Negocios;Toma de decisiones basada en informaciï¿½n;39;ï¿½Existe la definiciï¿½n institucional y la prï¿½ctica de hacer anï¿½lisis de datos para la gestiï¿½n y toma de decisiones?;Sï¿½, existe la definiciï¿½n institucional y la prï¿½ctica a nivel de algunas unidades;Medio;4
Analï¿½tica e Inteligencia de NegociosToma de decisiones basada en informaciï¿½nï¿½Existe la definiciï¿½n institucional y la prï¿½ctica de hacer anï¿½lisis de datos para la gestiï¿½n y toma de decisiones?Sï¿½, existe la definiciï¿½n y la prï¿½ctica a nivel institu;Analï¿½tica e Inteligencia de Negocios;Toma de decisiones basada en informaciï¿½n;39;ï¿½Existe la definiciï¿½n institucional y la prï¿½ctica de hacer anï¿½lisis de datos para la gestiï¿½n y toma de decisiones?;Sï¿½, existe la definiciï¿½n y la prï¿½ctica a nivel institucional;Avanzado;6
Analï¿½tica e Inteligencia de NegociosInformaciï¿½n de gestiï¿½nï¿½Existen repositorios de gestiï¿½n de tipo data mart / data warehouse o data lake para la gestiï¿½n institucional?No;Analï¿½tica e Inteligencia de Negocios;Informaciï¿½n de gestiï¿½n;40;ï¿½Existen repositorios de gestiï¿½n de tipo data mart / data warehouse o data lake para la gestiï¿½n institucional?;No;Insuficiente;0
Analï¿½tica e Inteligencia de NegociosInformaciï¿½n de gestiï¿½nï¿½Existen repositorios de gestiï¿½n de tipo data mart / data warehouse o data lake para la gestiï¿½n institucional?Sï¿½ y abordan algunos ï¿½mbitos de la gestiï¿½n institucional;Analï¿½tica e Inteligencia de Negocios;Informaciï¿½n de gestiï¿½n;40;ï¿½Existen repositorios de gestiï¿½n de tipo data mart / data warehouse o data lake para la gestiï¿½n institucional?;Sï¿½ y abordan algunos ï¿½mbitos de la gestiï¿½n institucional;Bï¿½sico;2
Analï¿½tica e Inteligencia de NegociosInformaciï¿½n de gestiï¿½nï¿½Existen repositorios de gestiï¿½n de tipo data mart / data warehouse o data lake para la gestiï¿½n institucional?Sï¿½ y abordan los principales ï¿½mbitos de la gestiï¿½n institucional;Analï¿½tica e Inteligencia de Negocios;Informaciï¿½n de gestiï¿½n;40;ï¿½Existen repositorios de gestiï¿½n de tipo data mart / data warehouse o data lake para la gestiï¿½n institucional?;Sï¿½ y abordan los principales ï¿½mbitos de la gestiï¿½n institucional;Medio;4
Analï¿½tica e Inteligencia de NegociosInformaciï¿½n de gestiï¿½nï¿½Existen repositorios de gestiï¿½n de tipo data mart / data warehouse o data lake para la gestiï¿½n institucional?Sï¿½ y abordan los principales ï¿½mbitos de gestiï¿½n institucional y se incorpora;Analï¿½tica e Inteligencia de Negocios;Informaciï¿½n de gestiï¿½n;40;ï¿½Existen repositorios de gestiï¿½n de tipo data mart / data warehouse o data lake para la gestiï¿½n institucional?;Sï¿½ y abordan los principales ï¿½mbitos de gestiï¿½n institucional y se incorporan nuevos proyectos en la medida de las necesidades.;Avanzado;6
Analï¿½tica e Inteligencia de NegociosHerramientasï¿½Existen herramientas de tipo inteligencia de negocios y otras para hacer analï¿½tica o ciencia de datos, incluyendo IA?No;Analï¿½tica e Inteligencia de Negocios;Herramientas;41;ï¿½Existen herramientas de tipo inteligencia de negocios y otras para hacer analï¿½tica o ciencia de datos, incluyendo IA?;No;Insuficiente;0
Analï¿½tica e Inteligencia de NegociosHerramientasï¿½Existen herramientas de tipo inteligencia de negocios y otras para hacer analï¿½tica o ciencia de datos, incluyendo IA?Sï¿½, de inteligencia de negocios para visualizaciï¿½n de informaciï¿½n (paneles de ;Analï¿½tica e Inteligencia de Negocios;Herramientas;41;ï¿½Existen herramientas de tipo inteligencia de negocios y otras para hacer analï¿½tica o ciencia de datos, incluyendo IA?;Sï¿½, de inteligencia de negocios para visualizaciï¿½n de informaciï¿½n (paneles de control);Bï¿½sico;2
Analï¿½tica e Inteligencia de NegociosHerramientasï¿½Existen herramientas de tipo inteligencia de negocios y otras para hacer analï¿½tica o ciencia de datos, incluyendo IA?Sï¿½, de inteligencia de negocios y analï¿½tica o ciencia de datos, incluyendo IA;Analï¿½tica e Inteligencia de Negocios;Herramientas;41;ï¿½Existen herramientas de tipo inteligencia de negocios y otras para hacer analï¿½tica o ciencia de datos, incluyendo IA?;Sï¿½, de inteligencia de negocios y analï¿½tica o ciencia de datos, incluyendo IA;Medio;4
Analï¿½tica e Inteligencia de NegociosHerramientasï¿½Existen herramientas de tipo inteligencia de negocios y otras para hacer analï¿½tica o ciencia de datos, incluyendo IA?Sï¿½, de inteligencia de negocios y analï¿½tica o ciencia de datos, incluyendo IA ;Analï¿½tica e Inteligencia de Negocios;Herramientas;41;ï¿½Existen herramientas de tipo inteligencia de negocios y otras para hacer analï¿½tica o ciencia de datos, incluyendo IA?;Sï¿½, de inteligencia de negocios y analï¿½tica o ciencia de datos, incluyendo IA utilizadas institucionalmente;Avanzado;6
Calidad de DatosDefiniciï¿½nï¿½Existe una definiciï¿½n de calidad de datos que permita evaluar y auditar la calidad de datos a nivel institucional?No;Calidad de Datos;Definiciï¿½n;42;ï¿½Existe una definiciï¿½n de calidad de datos que permita evaluar y auditar la calidad de datos a nivel institucional?;No;Insuficiente;0
Calidad de DatosDefiniciï¿½nï¿½Existe una definiciï¿½n de calidad de datos que permita evaluar y auditar la calidad de datos a nivel institucional?Se estï¿½ trabajando en generarla;Calidad de Datos;Definiciï¿½n;42;ï¿½Existe una definiciï¿½n de calidad de datos que permita evaluar y auditar la calidad de datos a nivel institucional?;Se estï¿½ trabajando en generarla;Bï¿½sico;2
Calidad de DatosDefiniciï¿½nï¿½Existe una definiciï¿½n de calidad de datos que permita evaluar y auditar la calidad de datos a nivel institucional?Sï¿½, existe una definiciï¿½n que se estï¿½ en proceso de aplicar;Calidad de Datos;Definiciï¿½n;42;ï¿½Existe una definiciï¿½n de calidad de datos que permita evaluar y auditar la calidad de datos a nivel institucional?;Sï¿½, existe una definiciï¿½n que se estï¿½ en proceso de aplicar;Medio;4
Calidad de DatosDefiniciï¿½nï¿½Existe una definiciï¿½n de calidad de datos que permita evaluar y auditar la calidad de datos a nivel institucional?Sï¿½, existe una definiciï¿½n de calidad de datos que se evalï¿½a y controla en los procesos definidos;Calidad de Datos;Definiciï¿½n;42;ï¿½Existe una definiciï¿½n de calidad de datos que permita evaluar y auditar la calidad de datos a nivel institucional?;Sï¿½, existe una definiciï¿½n de calidad de datos que se evalï¿½a y controla en los procesos definidos;Avanzado;6
Calidad de DatosMetodologï¿½a y Herramientasï¿½Se utilizan metodologï¿½as (o estï¿½ndares) y herramientas para la gestiï¿½n de calidad?No;Calidad de Datos;Metodologï¿½a y Herramientas;43;ï¿½Se utilizan metodologï¿½as (o estï¿½ndares) y herramientas para la gestiï¿½n de calidad?;No;Insuficiente;0
Calidad de DatosMetodologï¿½a y Herramientasï¿½Se utilizan metodologï¿½as (o estï¿½ndares) y herramientas para la gestiï¿½n de calidad?Se han identificado y evaluado;Calidad de Datos;Metodologï¿½a y Herramientas;43;ï¿½Se utilizan metodologï¿½as (o estï¿½ndares) y herramientas para la gestiï¿½n de calidad?;Se han identificado y evaluado;Bï¿½sico;2
Calidad de DatosMetodologï¿½a y Herramientasï¿½Se utilizan metodologï¿½as (o estï¿½ndares) y herramientas para la gestiï¿½n de calidad?Sï¿½, se estï¿½ en el proceso de incorporar metodologï¿½as (o estï¿½ndares) y herramientas.;Calidad de Datos;Metodologï¿½a y Herramientas;43;ï¿½Se utilizan metodologï¿½as (o estï¿½ndares) y herramientas para la gestiï¿½n de calidad?;Sï¿½, se estï¿½ en el proceso de incorporar metodologï¿½as (o estï¿½ndares) y herramientas.;Medio;4
Calidad de DatosMetodologï¿½a y Herramientasï¿½Se utilizan metodologï¿½as (o estï¿½ndares) y herramientas para la gestiï¿½n de calidad?Sï¿½, y se aplican de manera regular en todos los procesos relevantes;Calidad de Datos;Metodologï¿½a y Herramientas;43;ï¿½Se utilizan metodologï¿½as (o estï¿½ndares) y herramientas para la gestiï¿½n de calidad?;Sï¿½, y se aplican de manera regular en todos los procesos relevantes;Avanzado;6
Datos AbiertosDefinicionesï¿½Existe una estrategia de datos abiertos?No;Datos Abiertos;Definiciones;44;ï¿½Existe una estrategia de datos abiertos?;No;Insuficiente;0
Datos AbiertosDefinicionesï¿½Existe una estrategia de datos abiertos?Sï¿½;Datos Abiertos;Definiciones;44;ï¿½Existe una estrategia de datos abiertos?;Sï¿½;Avanzado;6
Datos AbiertosDefinicionesï¿½Se ha incorporado institucionalmente la definiciï¿½n de datos abiertos por defecto y los principios de datos abiertos (Open Data Charter)?No;Datos Abiertos;Definiciones;45;ï¿½Se ha incorporado institucionalmente la definiciï¿½n de datos abiertos por defecto y los principios de datos abiertos (Open Data Charter)?;No;Insuficiente;0
Datos AbiertosDefinicionesï¿½Se ha incorporado institucionalmente la definiciï¿½n de datos abiertos por defecto y los principios de datos abiertos (Open Data Charter)?Sï¿½, existe la definiciï¿½n institucional y se estï¿½ trabajando activamente en inicia;Datos Abiertos;Definiciones;45;ï¿½Se ha incorporado institucionalmente la definiciï¿½n de datos abiertos por defecto y los principios de datos abiertos (Open Data Charter)?;Sï¿½, existe la definiciï¿½n institucional y se estï¿½ trabajando activamente en iniciativas especï¿½ficas.;Bï¿½sico;2
Datos AbiertosDefinicionesï¿½Se ha incorporado institucionalmente la definiciï¿½n de datos abiertos por defecto y los principios de datos abiertos (Open Data Charter)?Sï¿½, existe la definiciï¿½n institucional y existen avances concretos.;Datos Abiertos;Definiciones;45;ï¿½Se ha incorporado institucionalmente la definiciï¿½n de datos abiertos por defecto y los principios de datos abiertos (Open Data Charter)?;Sï¿½, existe la definiciï¿½n institucional y existen avances concretos.;Medio;4
Datos AbiertosDefinicionesï¿½Se ha incorporado institucionalmente la definiciï¿½n de datos abiertos por defecto y los principios de datos abiertos (Open Data Charter)?Sï¿½, existe la definiciï¿½n institucional y se cumplen a cabalidad (salvo los casos ;Datos Abiertos;Definiciones;45;ï¿½Se ha incorporado institucionalmente la definiciï¿½n de datos abiertos por defecto y los principios de datos abiertos (Open Data Charter)?;Sï¿½, existe la definiciï¿½n institucional y se cumplen a cabalidad (salvo los casos justificados) los principios de datos abiertos.;Avanzado;6
Datos AbiertosPublicaciï¿½nï¿½Se publican datos abiertos de manera regular?No;Datos Abiertos;Publicaciï¿½n;46;ï¿½Se publican datos abiertos de manera regular?;No;Insuficiente;0
Datos AbiertosPublicaciï¿½nï¿½Se publican datos abiertos de manera regular?Sï¿½, datos bï¿½sicos;Datos Abiertos;Publicaciï¿½n;46;ï¿½Se publican datos abiertos de manera regular?;Sï¿½, datos bï¿½sicos;Bï¿½sico;2
Datos AbiertosPublicaciï¿½nï¿½Se publican datos abiertos de manera regular?Sï¿½, datos procesados o consolidados;Datos Abiertos;Publicaciï¿½n;46;ï¿½Se publican datos abiertos de manera regular?;Sï¿½, datos procesados o consolidados;Medio;4
Datos AbiertosPublicaciï¿½nï¿½Se publican datos abiertos de manera regular?Sï¿½, datos evaluados como de alto valor;Datos Abiertos;Publicaciï¿½n;46;ï¿½Se publican datos abiertos de manera regular?;Sï¿½, datos evaluados como de alto valor;Avanzado;6
Datos AbiertosPublicaciï¿½nSi se publican datos abiertos ï¿½en quï¿½ lugar se publican?No se publica;Datos Abiertos;Publicaciï¿½n;47;Si se publican datos abiertos ï¿½en quï¿½ lugar se publican?;No se publica;Insuficiente;0
Datos AbiertosPublicaciï¿½nSi se publican datos abiertos ï¿½en quï¿½ lugar se publican?Portal propio;Datos Abiertos;Publicaciï¿½n;47;Si se publican datos abiertos ï¿½en quï¿½ lugar se publican?;Portal propio;Bï¿½sico;2
Datos AbiertosPublicaciï¿½nSi se publican datos abiertos ï¿½en quï¿½ lugar se publican?Portal nacional;Datos Abiertos;Publicaciï¿½n;47;Si se publican datos abiertos ï¿½en quï¿½ lugar se publican?;Portal nacional;Medio;4
Datos AbiertosPublicaciï¿½nSi se publican datos abiertos ï¿½en quï¿½ lugar se publican?Portal propio y portal nacional;Datos Abiertos;Publicaciï¿½n;47;Si se publican datos abiertos ï¿½en quï¿½ lugar se publican?;Portal propio y portal nacional;Avanzado;6
Datos AbiertosPublicaciï¿½nï¿½Existen las condiciones (recursos) e incentivos para la publicaciï¿½n de datos abiertos?No o no son suficientes;Datos Abiertos;Publicaciï¿½n;48;ï¿½Existen las condiciones (recursos) e incentivos para la publicaciï¿½n de datos abiertos?;No o no son suficientes;Insuficiente;0
Datos AbiertosPublicaciï¿½nï¿½Existen las condiciones (recursos) e incentivos para la publicaciï¿½n de datos abiertos?No, pero se estï¿½n definiendo;Datos Abiertos;Publicaciï¿½n;48;ï¿½Existen las condiciones (recursos) e incentivos para la publicaciï¿½n de datos abiertos?;No, pero se estï¿½n definiendo;Bï¿½sico;2
Datos AbiertosPublicaciï¿½nï¿½Existen las condiciones (recursos) e incentivos para la publicaciï¿½n de datos abiertos?Sï¿½, aunque estï¿½n en proceso de implementaciï¿½n o redefiniciï¿½n;Datos Abiertos;Publicaciï¿½n;48;ï¿½Existen las condiciones (recursos) e incentivos para la publicaciï¿½n de datos abiertos?;Sï¿½, aunque estï¿½n en proceso de implementaciï¿½n o redefiniciï¿½n;Medio;4
Datos AbiertosPublicaciï¿½nï¿½Existen las condiciones (recursos) e incentivos para la publicaciï¿½n de datos abiertos?Sï¿½ y son efectivos;Datos Abiertos;Publicaciï¿½n;48;ï¿½Existen las condiciones (recursos) e incentivos para la publicaciï¿½n de datos abiertos?;Sï¿½ y son efectivos;Avanzado;6
Datos AbiertosPublicaciï¿½nï¿½Se incentiva la publicaciï¿½n de datasets de alta contribuciï¿½n segï¿½n lo que estipula la normativa de datos abiertos y estrategia nacional de datos abiertos?No;Datos Abiertos;Publicaciï¿½n;49;ï¿½Se incentiva la publicaciï¿½n de datasets de alta contribuciï¿½n segï¿½n lo que estipula la normativa de datos abiertos y estrategia nacional de datos abiertos?;No;Insuficiente;0
Datos AbiertosPublicaciï¿½nï¿½Se incentiva la publicaciï¿½n de datasets de alta contribuciï¿½n segï¿½n lo que estipula la normativa de datos abiertos y estrategia nacional de datos abiertos?No, pero se estï¿½ desarrollado un plan de cumplimiento;Datos Abiertos;Publicaciï¿½n;49;ï¿½Se incentiva la publicaciï¿½n de datasets de alta contribuciï¿½n segï¿½n lo que estipula la normativa de datos abiertos y estrategia nacional de datos abiertos?;No, pero se estï¿½ desarrollado un plan de cumplimiento;Bï¿½sico;2
Datos AbiertosPublicaciï¿½nï¿½Se incentiva la publicaciï¿½n de datasets de alta contribuciï¿½n segï¿½n lo que estipula la normativa de datos abiertos y estrategia nacional de datos abiertos?Sï¿½, se estï¿½ implementando el plan de cumplimiento;Datos Abiertos;Publicaciï¿½n;49;ï¿½Se incentiva la publicaciï¿½n de datasets de alta contribuciï¿½n segï¿½n lo que estipula la normativa de datos abiertos y estrategia nacional de datos abiertos?;Sï¿½, se estï¿½ implementando el plan de cumplimiento;Medio;4
Datos AbiertosPublicaciï¿½nï¿½Se incentiva la publicaciï¿½n de datasets de alta contribuciï¿½n segï¿½n lo que estipula la normativa de datos abiertos y estrategia nacional de datos abiertos?Sï¿½, se cumple a cabalidad la normativa;Datos Abiertos;Publicaciï¿½n;49;ï¿½Se incentiva la publicaciï¿½n de datasets de alta contribuciï¿½n segï¿½n lo que estipula la normativa de datos abiertos y estrategia nacional de datos abiertos?;Sï¿½, se cumple a cabalidad la normativa;Avanzado;6
Datos AbiertosMecanismos de acceso, formato, documentaciï¿½n y condiciones de usoï¿½Con quï¿½ mecanismos de acceso, formato, documentaciï¿½n y condiciones de uso se publican los datos abiertos?No Aplica (no se publican datos abiertos);Datos Abiertos;Mecanismos de acceso, formato, documentaciï¿½n y condiciones de uso;50;ï¿½Con quï¿½ mecanismos de acceso, formato, documentaciï¿½n y condiciones de uso se publican los datos abiertos?;No Aplica (no se publican datos abiertos);Insuficiente;0
Datos AbiertosMecanismos de acceso, formato, documentaciï¿½n y condiciones de usoï¿½Con quï¿½ mecanismos de acceso, formato, documentaciï¿½n y condiciones de uso se publican los datos abiertos?Descargables no siempre documentados y en algunos casos en ;Datos Abiertos;Mecanismos de acceso, formato, documentaciï¿½n y condiciones de uso;50;ï¿½Con quï¿½ mecanismos de acceso, formato, documentaciï¿½n y condiciones de uso se publican los datos abiertos?;Descargables no siempre documentados y en algunos casos en formatos de imagen (documentos);Bï¿½sico;2
Datos AbiertosMecanismos de acceso, formato, documentaciï¿½n y condiciones de usoï¿½Con quï¿½ mecanismos de acceso, formato, documentaciï¿½n y condiciones de uso se publican los datos abiertos?Descargables, documentados y con formatos siempre legibles ;Datos Abiertos;Mecanismos de acceso, formato, documentaciï¿½n y condiciones de uso;50;ï¿½Con quï¿½ mecanismos de acceso, formato, documentaciï¿½n y condiciones de uso se publican los datos abiertos?;Descargables, documentados y con formatos siempre legibles (no imï¿½genes);Medio;4
Datos AbiertosMecanismos de acceso, formato, documentaciï¿½n y condiciones de usoï¿½Con quï¿½ mecanismos de acceso, formato, documentaciï¿½n y condiciones de uso se publican los datos abiertos?Descargables y accesibles mediante APIs, documentados, con ;Datos Abiertos;Mecanismos de acceso, formato, documentaciï¿½n y condiciones de uso;50;ï¿½Con quï¿½ mecanismos de acceso, formato, documentaciï¿½n y condiciones de uso se publican los datos abiertos?;Descargables y accesibles mediante APIs, documentados, con formatos siempre legibles (no imï¿½genes) y con condiciones de uso definida (licencia);Avanzado;6
Aspectos Legales y NormativosParticipaciï¿½n del ï¿½rea jurï¿½dicaï¿½Existe participaciï¿½n del ï¿½rea jurï¿½dica en la definiciï¿½n y validaciï¿½n de polï¿½ticas y procedimientos de gobierno de datos para asegurar cumplimiento de las leyes y normativas?No;Aspectos Legales y Normativos;Participaciï¿½n del ï¿½rea jurï¿½dica;51;ï¿½Existe participaciï¿½n del ï¿½rea jurï¿½dica en la definiciï¿½n y validaciï¿½n de polï¿½ticas y procedimientos de gobierno de datos para asegurar cumplimiento de las leyes y normativas?;No;Insuficiente;0
Aspectos Legales y NormativosParticipaciï¿½n del ï¿½rea jurï¿½dicaï¿½Existe participaciï¿½n del ï¿½rea jurï¿½dica en la definiciï¿½n y validaciï¿½n de polï¿½ticas y procedimientos de gobierno de datos para asegurar cumplimiento de las leyes y normativas?Sï¿½lo es in;Aspectos Legales y Normativos;Participaciï¿½n del ï¿½rea jurï¿½dica;51;ï¿½Existe participaciï¿½n del ï¿½rea jurï¿½dica en la definiciï¿½n y validaciï¿½n de polï¿½ticas y procedimientos de gobierno de datos para asegurar cumplimiento de las leyes y normativas?;Sï¿½lo es informada;Bï¿½sico;2
Aspectos Legales y NormativosParticipaciï¿½n del ï¿½rea jurï¿½dicaï¿½Existe participaciï¿½n del ï¿½rea jurï¿½dica en la definiciï¿½n y validaciï¿½n de polï¿½ticas y procedimientos de gobierno de datos para asegurar cumplimiento de las leyes y normativas?Es informa;Aspectos Legales y Normativos;Participaciï¿½n del ï¿½rea jurï¿½dica;51;ï¿½Existe participaciï¿½n del ï¿½rea jurï¿½dica en la definiciï¿½n y validaciï¿½n de polï¿½ticas y procedimientos de gobierno de datos para asegurar cumplimiento de las leyes y normativas?;Es informada y valida;Medio;4
Aspectos Legales y NormativosParticipaciï¿½n del ï¿½rea jurï¿½dicaï¿½Existe participaciï¿½n del ï¿½rea jurï¿½dica en la definiciï¿½n y validaciï¿½n de polï¿½ticas y procedimientos de gobierno de datos para asegurar cumplimiento de las leyes y normativas?Participa ;Aspectos Legales y Normativos;Participaciï¿½n del ï¿½rea jurï¿½dica;51;ï¿½Existe participaciï¿½n del ï¿½rea jurï¿½dica en la definiciï¿½n y validaciï¿½n de polï¿½ticas y procedimientos de gobierno de datos para asegurar cumplimiento de las leyes y normativas?;Participa en la definiciï¿½n y validaciï¿½n;Avanzado;6
Aspectos Legales y NormativosCumplimiento aspectos legales y normativosï¿½Se cumple con las regulaciones y estï¿½ndares relevantes en cuanto a la gestiï¿½n y protecciï¿½n de datos personales (PDP) y existen procedimientos para garantizar el cumplimient;Aspectos Legales y Normativos;Cumplimiento aspectos legales y normativos;52;ï¿½Se cumple con las regulaciones y estï¿½ndares relevantes en cuanto a la gestiï¿½n y protecciï¿½n de datos personales (PDP) y existen procedimientos para garantizar el cumplimiento frente a cambios legislativos o normativos?;No;Insuficiente;0
Aspectos Legales y NormativosCumplimiento aspectos legales y normativosï¿½Se cumple con las regulaciones y estï¿½ndares relevantes en cuanto a la gestiï¿½n y protecciï¿½n de datos personales (PDP) y existen procedimientos para garantizar el cumplimient;Aspectos Legales y Normativos;Cumplimiento aspectos legales y normativos;52;ï¿½Se cumple con las regulaciones y estï¿½ndares relevantes en cuanto a la gestiï¿½n y protecciï¿½n de datos personales (PDP) y existen procedimientos para garantizar el cumplimiento frente a cambios legislativos o normativos?;Sï¿½, se ha realizado revisiï¿½n y definido plan de cumplimiento;Bï¿½sico;2
Aspectos Legales y NormativosCumplimiento aspectos legales y normativosï¿½Se cumple con las regulaciones y estï¿½ndares relevantes en cuanto a la gestiï¿½n y protecciï¿½n de datos personales (PDP) y existen procedimientos para garantizar el cumplimient;Aspectos Legales y Normativos;Cumplimiento aspectos legales y normativos;52;ï¿½Se cumple con las regulaciones y estï¿½ndares relevantes en cuanto a la gestiï¿½n y protecciï¿½n de datos personales (PDP) y existen procedimientos para garantizar el cumplimiento frente a cambios legislativos o normativos?;Sï¿½, se ha realizado revisiï¿½n y se estï¿½ aplicando plan de cumplimiento;Medio;4
Aspectos Legales y NormativosCumplimiento aspectos legales y normativosï¿½Se cumple con las regulaciones y estï¿½ndares relevantes en cuanto a la gestiï¿½n y protecciï¿½n de datos personales (PDP) y existen procedimientos para garantizar el cumplimient;Aspectos Legales y Normativos;Cumplimiento aspectos legales y normativos;52;ï¿½Se cumple con las regulaciones y estï¿½ndares relevantes en cuanto a la gestiï¿½n y protecciï¿½n de datos personales (PDP) y existen procedimientos para garantizar el cumplimiento frente a cambios legislativos o normativos?;Sï¿½, se cumple y se cuenta con procedimientos para garantizar cumplimiento frente a cambios;Avanzado;6
