;;;;;;;
Insuficiente;0;;;;;;
B�sico;2;;;;;;
Medio;4;;;;;;
Avanzado;6;;;;;;
;;;;;;;
;;;;;;;
texto_concatenado;dimensi�n;criterio;n_pregunta;pregunta;respuesta;nivel de madurez_concepto;nivel de madurez_valor
Visi�n Estrat�gicaVisi�n�Existe un compromiso directivo formal y efectivo con la gesti�n y gobernanza de datos como elementos que aportan valor p�blico?No;Visi�n Estrat�gica;Visi�n;1;�Existe un compromiso directivo formal y efectivo con la gesti�n y gobernanza de datos como elementos que aportan valor p�blico?;No;Insuficiente;0
Visi�n Estrat�gicaVisi�n�Existe un compromiso directivo formal y efectivo con la gesti�n y gobernanza de datos como elementos que aportan valor p�blico?S�;Visi�n Estrat�gica;Visi�n;1;�Existe un compromiso directivo formal y efectivo con la gesti�n y gobernanza de datos como elementos que aportan valor p�blico?;S�;Avanzado;6
Visi�n Estrat�gicaEstrategia�Est�n incluidos los temas de datos en los objetivos e iniciativas estrat�gicas de la organizaci�n?No;Visi�n Estrat�gica;Estrategia;2;�Est�n incluidos los temas de datos en los objetivos e iniciativas estrat�gicas de la organizaci�n?;No;Insuficiente;0
Visi�n Estrat�gicaEstrategia�Est�n incluidos los temas de datos en los objetivos e iniciativas estrat�gicas de la organizaci�n?S�, pero de forma indirecta;Visi�n Estrat�gica;Estrategia;2;�Est�n incluidos los temas de datos en los objetivos e iniciativas estrat�gicas de la organizaci�n?;S�, pero de forma indirecta;B�sico;2
Visi�n Estrat�gicaEstrategia�Est�n incluidos los temas de datos en los objetivos e iniciativas estrat�gicas de la organizaci�n?S�, de forma clara y expl�cita;Visi�n Estrat�gica;Estrategia;2;�Est�n incluidos los temas de datos en los objetivos e iniciativas estrat�gicas de la organizaci�n?;S�, de forma clara y expl�cita;Avanzado;6
Visi�n Estrat�gicaPresupuesto y Recursos�Existe una asignaci�n de presupuestos y recursos para cumplimiento de hoja de ruta o plan de gobernanza? (cuando existe)No Aplica;Visi�n Estrat�gica;Presupuesto y Recursos;3;�Existe una asignaci�n de presupuestos y recursos para cumplimiento de hoja de ruta o plan de gobernanza? (cuando existe);No Aplica;Insuficiente;0
Visi�n Estrat�gicaPresupuesto y Recursos�Existe una asignaci�n de presupuestos y recursos para cumplimiento de hoja de ruta o plan de gobernanza? (cuando existe)No;Visi�n Estrat�gica;Presupuesto y Recursos;3;�Existe una asignaci�n de presupuestos y recursos para cumplimiento de hoja de ruta o plan de gobernanza? (cuando existe);No;Insuficiente;0
Visi�n Estrat�gicaPresupuesto y Recursos�Existe una asignaci�n de presupuestos y recursos para cumplimiento de hoja de ruta o plan de gobernanza? (cuando existe)S�;Visi�n Estrat�gica;Presupuesto y Recursos;3;�Existe una asignaci�n de presupuestos y recursos para cumplimiento de hoja de ruta o plan de gobernanza? (cuando existe);S�;Avanzado;6
Visi�n Estrat�gicaCapacidades�Existen actualmente en la instituci�n capacidades para la gesti�n de datos?No;Visi�n Estrat�gica;Capacidades;4;�Existen actualmente en la instituci�n capacidades para la gesti�n de datos?;No;Insuficiente;0
Visi�n Estrat�gicaCapacidades�Existen actualmente en la instituci�n capacidades para la gesti�n de datos?S�, pero personas espec�ficas en �mbitos espec�ficos del MGDE;Visi�n Estrat�gica;Capacidades;4;�Existen actualmente en la instituci�n capacidades para la gesti�n de datos?;S�, pero personas espec�ficas en �mbitos espec�ficos del MGDE;B�sico;2
Visi�n Estrat�gicaCapacidades�Existen actualmente en la instituci�n capacidades para la gesti�n de datos?S�, equipos que abordan algunos �mbitos del MGDE;Visi�n Estrat�gica;Capacidades;4;�Existen actualmente en la instituci�n capacidades para la gesti�n de datos?;S�, equipos que abordan algunos �mbitos del MGDE;Medio;4
Visi�n Estrat�gicaCapacidades�Existen actualmente en la instituci�n capacidades para la gesti�n de datos?S�, equipos que abordan a la mayor�a (o todos) los �mbitos del MGDE;Visi�n Estrat�gica;Capacidades;4;�Existen actualmente en la instituci�n capacidades para la gesti�n de datos?;S�, equipos que abordan a la mayor�a (o todos) los �mbitos del MGDE;Avanzado;6
Visi�n Estrat�gicaGesti�n del Cambio�Existe un plan de gesti�n del cambio, ya sea espec�fico en torno a la Ley de Transformaci�n Digital o Institucional que aborde los temas de datos?No;Visi�n Estrat�gica;Gesti�n del Cambio;5;�Existe un plan de gesti�n del cambio, ya sea espec�fico en torno a la Ley de Transformaci�n Digital o Institucional que aborde los temas de datos?;No;Insuficiente;0
Visi�n Estrat�gicaGesti�n del Cambio�Existe un plan de gesti�n del cambio, ya sea espec�fico en torno a la Ley de Transformaci�n Digital o Institucional que aborde los temas de datos?S�, se usa la gu�a base;Visi�n Estrat�gica;Gesti�n del Cambio;5;�Existe un plan de gesti�n del cambio, ya sea espec�fico en torno a la Ley de Transformaci�n Digital o Institucional que aborde los temas de datos?;S�, se usa la gu�a base;B�sico;2
Visi�n Estrat�gicaGesti�n del Cambio�Existe un plan de gesti�n del cambio, ya sea espec�fico en torno a la Ley de Transformaci�n Digital o Institucional que aborde los temas de datos?S�, adaptada de la gu�a base;Visi�n Estrat�gica;Gesti�n del Cambio;5;�Existe un plan de gesti�n del cambio, ya sea espec�fico en torno a la Ley de Transformaci�n Digital o Institucional que aborde los temas de datos?;S�, adaptada de la gu�a base;Medio;4
Visi�n Estrat�gicaGesti�n del Cambio�Existe un plan de gesti�n del cambio, ya sea espec�fico en torno a la Ley de Transformaci�n Digital o Institucional que aborde los temas de datos?S�, de elaboraci�n propia;Visi�n Estrat�gica;Gesti�n del Cambio;5;�Existe un plan de gesti�n del cambio, ya sea espec�fico en torno a la Ley de Transformaci�n Digital o Institucional que aborde los temas de datos?;S�, de elaboraci�n propia;Avanzado;6
Visi�n Estrat�gicaAlianzas y Colaboraciones�Se cuenta con m�ltiples alianzas o colaboraciones con otros OAE y/o privados en torno a los datos (intercambio de informaci�n, an�lisis de datos, etc.) y se busca activamente ampliarlas?No;Visi�n Estrat�gica;Alianzas y Colaboraciones;6;�Se cuenta con m�ltiples alianzas o colaboraciones con otros OAE y/o privados en torno a los datos (intercambio de informaci�n, an�lisis de datos, etc.) y se busca activamente ampliarlas?;No;Insuficiente;0
Visi�n Estrat�gicaAlianzas y Colaboraciones�Se cuenta con m�ltiples alianzas o colaboraciones con otros OAE y/o privados en torno a los datos (intercambio de informaci�n, an�lisis de datos, etc.) y se busca activamente ampliarlas?Existen unas p;Visi�n Estrat�gica;Alianzas y Colaboraciones;6;�Se cuenta con m�ltiples alianzas o colaboraciones con otros OAE y/o privados en torno a los datos (intercambio de informaci�n, an�lisis de datos, etc.) y se busca activamente ampliarlas?;Existen unas pocas alianzas o colaboraci�n con otros OAE y/o privados, se cubre lo b�sico;B�sico;2
Visi�n Estrat�gicaAlianzas y Colaboraciones�Se cuenta con m�ltiples alianzas o colaboraciones con otros OAE y/o privados en torno a los datos (intercambio de informaci�n, an�lisis de datos, etc.) y se busca activamente ampliarlas?Existen alianz;Visi�n Estrat�gica;Alianzas y Colaboraciones;6;�Se cuenta con m�ltiples alianzas o colaboraciones con otros OAE y/o privados en torno a los datos (intercambio de informaci�n, an�lisis de datos, etc.) y se busca activamente ampliarlas?;Existen alianzas o colaboraciones con otros OAE y/o privados y se est�n definiendo mecanismos para ampliarlas;Medio;4
Visi�n Estrat�gicaAlianzas y Colaboraciones�Se cuenta con m�ltiples alianzas o colaboraciones con otros OAE y/o privados en torno a los datos (intercambio de informaci�n, an�lisis de datos, etc.) y se busca activamente ampliarlas?Existen alianz;Visi�n Estrat�gica;Alianzas y Colaboraciones;6;�Se cuenta con m�ltiples alianzas o colaboraciones con otros OAE y/o privados en torno a los datos (intercambio de informaci�n, an�lisis de datos, etc.) y se busca activamente ampliarlas?;Existen alianzas o colaboraciones con otros OAE y/o privados, y existen mecanismos para activamente ampliarlas y explorar nuevas oportunidades;Avanzado;6
Visi�n Estrat�gicaMedici�n y Seguimiento�Existen m�tricas claras para evaluar el �xito de la estrategia e implantaci�n del MGDE? �Se realizan revisiones peri�dicas para evaluar el progreso y realizar ajustes si es necesario?No;Visi�n Estrat�gica;Medici�n y Seguimiento;7;�Existen m�tricas claras para evaluar el �xito de la estrategia e implantaci�n del MGDE? �Se realizan revisiones peri�dicas para evaluar el progreso y realizar ajustes si es necesario?;No;Insuficiente;0
Visi�n Estrat�gicaMedici�n y Seguimiento�Existen m�tricas claras para evaluar el �xito de la estrategia e implantaci�n del MGDE? �Se realizan revisiones peri�dicas para evaluar el progreso y realizar ajustes si es necesario?Se est� en proceso d;Visi�n Estrat�gica;Medici�n y Seguimiento;7;�Existen m�tricas claras para evaluar el �xito de la estrategia e implantaci�n del MGDE? �Se realizan revisiones peri�dicas para evaluar el progreso y realizar ajustes si es necesario?;Se est� en proceso de definir las m�tricas;B�sico;2
Visi�n Estrat�gicaMedici�n y Seguimiento�Existen m�tricas claras para evaluar el �xito de la estrategia e implantaci�n del MGDE? �Se realizan revisiones peri�dicas para evaluar el progreso y realizar ajustes si es necesario?S�, se cuenta con m�;Visi�n Estrat�gica;Medici�n y Seguimiento;7;�Existen m�tricas claras para evaluar el �xito de la estrategia e implantaci�n del MGDE? �Se realizan revisiones peri�dicas para evaluar el progreso y realizar ajustes si es necesario?;S�, se cuenta con m�tricas y se est� en proceso de recopilar los datos para evaluar.;Medio;4
Visi�n Estrat�gicaMedici�n y Seguimiento�Existen m�tricas claras para evaluar el �xito de la estrategia e implantaci�n del MGDE? �Se realizan revisiones peri�dicas para evaluar el progreso y realizar ajustes si es necesario?S�, se cuenta con m�;Visi�n Estrat�gica;Medici�n y Seguimiento;7;�Existen m�tricas claras para evaluar el �xito de la estrategia e implantaci�n del MGDE? �Se realizan revisiones peri�dicas para evaluar el progreso y realizar ajustes si es necesario?;S�, se cuenta con m�tricas, se realizan revisiones peri�dicas y se realizan ajustes si es necesario.;Avanzado;6
Gobernanza de DatosPol�tica de gobernanza de datos�Existe una pol�tica/estrategia de gobernanza de datos que cubra la gesti�n de los datos a lo largo de su ciclo de vida, desde su creaci�n hasta su eliminaci�n o archivo?No;Gobernanza de Datos;Pol�tica de gobernanza de datos;8;�Existe una pol�tica/estrategia de gobernanza de datos que cubra la gesti�n de los datos a lo largo de su ciclo de vida, desde su creaci�n hasta su eliminaci�n o archivo?;No;Insuficiente;0
Gobernanza de DatosPol�tica de gobernanza de datos�Existe una pol�tica/estrategia de gobernanza de datos que cubra la gesti�n de los datos a lo largo de su ciclo de vida, desde su creaci�n hasta su eliminaci�n o archivo?S�, se ha adoptado la po;Gobernanza de Datos;Pol�tica de gobernanza de datos;8;�Existe una pol�tica/estrategia de gobernanza de datos que cubra la gesti�n de los datos a lo largo de su ciclo de vida, desde su creaci�n hasta su eliminaci�n o archivo?;S�, se ha adoptado la pol�tica base o se ha desarrollado una propia;B�sico;2
Gobernanza de DatosPol�tica de gobernanza de datos�Existe una pol�tica/estrategia de gobernanza de datos que cubra la gesti�n de los datos a lo largo de su ciclo de vida, desde su creaci�n hasta su eliminaci�n o archivo?S�, se ha adaptado la po;Gobernanza de Datos;Pol�tica de gobernanza de datos;8;�Existe una pol�tica/estrategia de gobernanza de datos que cubra la gesti�n de los datos a lo largo de su ciclo de vida, desde su creaci�n hasta su eliminaci�n o archivo?;S�, se ha adaptado la pol�tica base (para mejor alineamiento a la instituci�n);Medio;4
Gobernanza de DatosPol�tica de gobernanza de datos�Existe una pol�tica/estrategia de gobernanza de datos que cubra la gesti�n de los datos a lo largo de su ciclo de vida, desde su creaci�n hasta su eliminaci�n o archivo?S�, se ha adaptado la po;Gobernanza de Datos;Pol�tica de gobernanza de datos;8;�Existe una pol�tica/estrategia de gobernanza de datos que cubra la gesti�n de los datos a lo largo de su ciclo de vida, desde su creaci�n hasta su eliminaci�n o archivo?;S�, se ha adaptado la pol�tica base, alineada con la Ley de TD, y se ha extendido para incluir temas espec�ficos de la instituci�n;Avanzado;6
Gobernanza de DatosOrganizaci�n�Existen roles o funciones institucionales responsables del liderazgo de datos?No;Gobernanza de Datos;Organizaci�n;9;�Existen roles o funciones institucionales responsables del liderazgo de datos?;No;Insuficiente;0
Gobernanza de DatosOrganizaci�n�Existen roles o funciones institucionales responsables del liderazgo de datos?S�, rol y/o equipo compartido;Gobernanza de Datos;Organizaci�n;9;�Existen roles o funciones institucionales responsables del liderazgo de datos?;S�, rol y/o equipo compartido;B�sico;2
Gobernanza de DatosOrganizaci�n�Existen roles o funciones institucionales responsables del liderazgo de datos?S�, rol y/o equipo dedicado;Gobernanza de Datos;Organizaci�n;9;�Existen roles o funciones institucionales responsables del liderazgo de datos?;S�, rol y/o equipo dedicado;Medio;4
Gobernanza de DatosOrganizaci�n�Existen roles o funciones institucionales responsables del liderazgo de datos?S�, unidad responsable formalmente definida;Gobernanza de Datos;Organizaci�n;9;�Existen roles o funciones institucionales responsables del liderazgo de datos?;S�, unidad responsable formalmente definida;Avanzado;6
Gobernanza de DatosImplementaci�n�Existe un plan de implementaci�n de la gobernanza de datos?No;Gobernanza de Datos;Implementaci�n;10;�Existe un plan de implementaci�n de la gobernanza de datos?;No;Insuficiente;0
Gobernanza de DatosImplementaci�n�Existe un plan de implementaci�n de la gobernanza de datos?S�, gu�a base;Gobernanza de Datos;Implementaci�n;10;�Existe un plan de implementaci�n de la gobernanza de datos?;S�, gu�a base;B�sico;2
Gobernanza de DatosImplementaci�n�Existe un plan de implementaci�n de la gobernanza de datos?S�, adaptado de la gu�a base;Gobernanza de Datos;Implementaci�n;10;�Existe un plan de implementaci�n de la gobernanza de datos?;S�, adaptado de la gu�a base;Medio;4
Gobernanza de DatosImplementaci�n�Existe un plan de implementaci�n de la gobernanza de datos?S�, de elaboraci�n propia;Gobernanza de Datos;Implementaci�n;10;�Existe un plan de implementaci�n de la gobernanza de datos?;S�, de elaboraci�n propia;Avanzado;6
Gobernanza de DatosHerramientas�Se han incorporado herramientas para apoyo a la gobernanza?No;Gobernanza de Datos;Herramientas;11;�Se han incorporado herramientas para apoyo a la gobernanza?;No;Insuficiente;0
Gobernanza de DatosHerramientas�Se han incorporado herramientas para apoyo a la gobernanza?S�, planillas, presentaciones, documentos;Gobernanza de Datos;Herramientas;11;�Se han incorporado herramientas para apoyo a la gobernanza?;S�, planillas, presentaciones, documentos;B�sico;2
Gobernanza de DatosHerramientas�Se han incorporado herramientas para apoyo a la gobernanza?S�, Herramientas de cat�logo;Gobernanza de Datos;Herramientas;11;�Se han incorporado herramientas para apoyo a la gobernanza?;S�, Herramientas de cat�logo;Medio;4
Gobernanza de DatosHerramientas�Se han incorporado herramientas para apoyo a la gobernanza?S�, herramientas de gobernanza que cubren m�s que el cat�logo;Gobernanza de Datos;Herramientas;11;�Se han incorporado herramientas para apoyo a la gobernanza?;S�, herramientas de gobernanza que cubren m�s que el cat�logo;Avanzado;6
Gobernanza de DatosCapacitaci�n�Se han realizado capacitaciones de gobernanza y gesti�n de datos en base al MGDE (o DAMA) en la instituci�n?No;Gobernanza de Datos;Capacitaci�n;12;�Se han realizado capacitaciones de gobernanza y gesti�n de datos en base al MGDE (o DAMA) en la instituci�n?;No;Insuficiente;0
Gobernanza de DatosCapacitaci�n�Se han realizado capacitaciones de gobernanza y gesti�n de datos en base al MGDE (o DAMA) en la instituci�n?S�, b�sica (seminarios, presentaciones);Gobernanza de Datos;Capacitaci�n;12;�Se han realizado capacitaciones de gobernanza y gesti�n de datos en base al MGDE (o DAMA) en la instituci�n?;S�, b�sica (seminarios, presentaciones);B�sico;2
Gobernanza de DatosCapacitaci�n�Se han realizado capacitaciones de gobernanza y gesti�n de datos en base al MGDE (o DAMA) en la instituci�n?S�, a responsables de datos;Gobernanza de Datos;Capacitaci�n;12;�Se han realizado capacitaciones de gobernanza y gesti�n de datos en base al MGDE (o DAMA) en la instituci�n?;S�, a responsables de datos;Medio;4
Gobernanza de DatosCapacitaci�n�Se han realizado capacitaciones de gobernanza y gesti�n de datos en base al MGDE (o DAMA) en la instituci�n?S�, a equipos que manejan datos;Gobernanza de Datos;Capacitaci�n;12;�Se han realizado capacitaciones de gobernanza y gesti�n de datos en base al MGDE (o DAMA) en la instituci�n?;S�, a equipos que manejan datos;Avanzado;6
Gobernanza de DatosGesti�n de Riesgos�Se han identificado y evaluado los riesgos asociados con la gesti�n de datos y existen procesos para mitigar y gestionar estos riesgos de manera efectiva?No;Gobernanza de Datos;Gesti�n de Riesgos;13;�Se han identificado y evaluado los riesgos asociados con la gesti�n de datos y existen procesos para mitigar y gestionar estos riesgos de manera efectiva?;No;Insuficiente;0
Gobernanza de DatosGesti�n de Riesgos�Se han identificado y evaluado los riesgos asociados con la gesti�n de datos y existen procesos para mitigar y gestionar estos riesgos de manera efectiva?S�, se han evaluado y se est�n definiendo un plan pa;Gobernanza de Datos;Gesti�n de Riesgos;13;�Se han identificado y evaluado los riesgos asociados con la gesti�n de datos y existen procesos para mitigar y gestionar estos riesgos de manera efectiva?;S�, se han evaluado y se est�n definiendo un plan para su gesti�n;B�sico;2
Gobernanza de DatosGesti�n de Riesgos�Se han identificado y evaluado los riesgos asociados con la gesti�n de datos y existen procesos para mitigar y gestionar estos riesgos de manera efectiva?S�, se han evaluado y se est�n desarrollando los pro;Gobernanza de Datos;Gesti�n de Riesgos;13;�Se han identificado y evaluado los riesgos asociados con la gesti�n de datos y existen procesos para mitigar y gestionar estos riesgos de manera efectiva?;S�, se han evaluado y se est�n desarrollando los procesos para su gesti�n;Medio;4
Gobernanza de DatosGesti�n de Riesgos�Se han identificado y evaluado los riesgos asociados con la gesti�n de datos y existen procesos para mitigar y gestionar estos riesgos de manera efectiva?S�, se han evaluado y se cuenta con procesos para su;Gobernanza de Datos;Gesti�n de Riesgos;13;�Se han identificado y evaluado los riesgos asociados con la gesti�n de datos y existen procesos para mitigar y gestionar estos riesgos de manera efectiva?;S�, se han evaluado y se cuenta con procesos para su gesti�n;Avanzado;6
Gobernanza de DatosGesti�n �tica de datos�Existen pol�ticas, directivas o est�ndares para promover el uso �tico de datos?No;Gobernanza de Datos;Gesti�n �tica de datos;14;�Existen pol�ticas, directivas o est�ndares para promover el uso �tico de datos?;No;Insuficiente;0
Gobernanza de DatosGesti�n �tica de datos�Existen pol�ticas, directivas o est�ndares para promover el uso �tico de datos?S�;Gobernanza de Datos;Gesti�n �tica de datos;14;�Existen pol�ticas, directivas o est�ndares para promover el uso �tico de datos?;S�;Avanzado;6
Arquitectura, Dise�o y Documentaci�nArquitectura Institucional de datos�Existe una conceptualizaci�n formalizada de la informaci�n relevante para el quehacer institucional?No;Arquitectura, Dise�o y Documentaci�n;Arquitectura Institucional de datos;15;�Existe una conceptualizaci�n formalizada de la informaci�n relevante para el quehacer institucional?;No;Insuficiente;0
Arquitectura, Dise�o y Documentaci�nArquitectura Institucional de datos�Existe una conceptualizaci�n formalizada de la informaci�n relevante para el quehacer institucional?S�, en documento o presentaci�n;Arquitectura, Dise�o y Documentaci�n;Arquitectura Institucional de datos;15;�Existe una conceptualizaci�n formalizada de la informaci�n relevante para el quehacer institucional?;S�, en documento o presentaci�n;B�sico;2
Arquitectura, Dise�o y Documentaci�nArquitectura Institucional de datos�Existe una conceptualizaci�n formalizada de la informaci�n relevante para el quehacer institucional?S�, mediante clasificaciones y/o modelos de alto nivel para algunos dato;Arquitectura, Dise�o y Documentaci�n;Arquitectura Institucional de datos;15;�Existe una conceptualizaci�n formalizada de la informaci�n relevante para el quehacer institucional?;S�, mediante clasificaciones y/o modelos de alto nivel para algunos datos, en algunas �reas (los m�s relevantes).;Medio;4
Arquitectura, Dise�o y Documentaci�nArquitectura Institucional de datos�Existe una conceptualizaci�n formalizada de la informaci�n relevante para el quehacer institucional?S�, mediante clasificaciones y/o modelos de alto nivel para la totalidad;Arquitectura, Dise�o y Documentaci�n;Arquitectura Institucional de datos;15;�Existe una conceptualizaci�n formalizada de la informaci�n relevante para el quehacer institucional?;S�, mediante clasificaciones y/o modelos de alto nivel para la totalidad de la informaci�n relevante;Avanzado;6
Arquitectura, Dise�o y Documentaci�nCat�logo�Existe un levantamiento, cat�logo o inventario de los datos que maneja la instituci�n?No;Arquitectura, Dise�o y Documentaci�n;Cat�logo;16;�Existe un levantamiento, cat�logo o inventario de los datos que maneja la instituci�n?;No;Insuficiente;0
Arquitectura, Dise�o y Documentaci�nCat�logo�Existe un levantamiento, cat�logo o inventario de los datos que maneja la instituci�n?S�, levantamiento general (documentos, planillas);Arquitectura, Dise�o y Documentaci�n;Cat�logo;16;�Existe un levantamiento, cat�logo o inventario de los datos que maneja la instituci�n?;S�, levantamiento general (documentos, planillas);B�sico;2
Arquitectura, Dise�o y Documentaci�nCat�logo�Existe un levantamiento, cat�logo o inventario de los datos que maneja la instituci�n?S�, cat�logo parcial con definiciones de acceso (seguridad) y caracterizaci�n de datos personales, para algunos d;Arquitectura, Dise�o y Documentaci�n;Cat�logo;16;�Existe un levantamiento, cat�logo o inventario de los datos que maneja la instituci�n?;S�, cat�logo parcial con definiciones de acceso (seguridad) y caracterizaci�n de datos personales, para algunos datos en algunas �reas (los m�s relevantes).;Medio;4
Arquitectura, Dise�o y Documentaci�nCat�logo�Existe un levantamiento, cat�logo o inventario de los datos que maneja la instituci�n?S�, cat�logo documentado, con definiciones de acceso (seguridad) y caracterizaci�n de datos personales, de los da;Arquitectura, Dise�o y Documentaci�n;Cat�logo;16;�Existe un levantamiento, cat�logo o inventario de los datos que maneja la instituci�n?;S�, cat�logo documentado, con definiciones de acceso (seguridad) y caracterizaci�n de datos personales, de los datos relevantes y con procedimiento para su actualizaci�n.;Avanzado;6
Arquitectura, Dise�o y Documentaci�nCat�logo�Existe evaluaci�n de la calidad de los cat�logos o inventarios de datos?No;Arquitectura, Dise�o y Documentaci�n;Cat�logo;17;�Existe evaluaci�n de la calidad de los cat�logos o inventarios de datos?;No;Insuficiente;0
Arquitectura, Dise�o y Documentaci�nCat�logo�Existe evaluaci�n de la calidad de los cat�logos o inventarios de datos?No, pero se est� en proceso de definici�n;Arquitectura, Dise�o y Documentaci�n;Cat�logo;17;�Existe evaluaci�n de la calidad de los cat�logos o inventarios de datos?;No, pero se est� en proceso de definici�n;B�sico;2
Arquitectura, Dise�o y Documentaci�nCat�logo�Existe evaluaci�n de la calidad de los cat�logos o inventarios de datos?S� y se cuenta con un plan para su aplicaci�n;Arquitectura, Dise�o y Documentaci�n;Cat�logo;17;�Existe evaluaci�n de la calidad de los cat�logos o inventarios de datos?;S� y se cuenta con un plan para su aplicaci�n;Medio;4
Arquitectura, Dise�o y Documentaci�nCat�logo�Existe evaluaci�n de la calidad de los cat�logos o inventarios de datos?S� y se aplica sistem�ticamente;Arquitectura, Dise�o y Documentaci�n;Cat�logo;17;�Existe evaluaci�n de la calidad de los cat�logos o inventarios de datos?;S� y se aplica sistem�ticamente;Avanzado;6
Arquitectura, Dise�o y Documentaci�nModelos y Documentaci�n�Existen modelos o documentaci�n (dise�o, diccionario de datos) de las bases de datos?No;Arquitectura, Dise�o y Documentaci�n;Modelos y Documentaci�n;18;�Existen modelos o documentaci�n (dise�o, diccionario de datos) de las bases de datos?;No;Insuficiente;0
Arquitectura, Dise�o y Documentaci�nModelos y Documentaci�n�Existen modelos o documentaci�n (dise�o, diccionario de datos) de las bases de datos?S�, parcial o desactualizado y s�lo para algunas bases de datos o de documentos.;Arquitectura, Dise�o y Documentaci�n;Modelos y Documentaci�n;18;�Existen modelos o documentaci�n (dise�o, diccionario de datos) de las bases de datos?;S�, parcial o desactualizado y s�lo para algunas bases de datos o de documentos.;B�sico;2
Arquitectura, Dise�o y Documentaci�nModelos y Documentaci�n�Existen modelos o documentaci�n (dise�o, diccionario de datos) de las bases de datos?S�, actualizada para las bases de datos o de documentos m�s relevantes.;Arquitectura, Dise�o y Documentaci�n;Modelos y Documentaci�n;18;�Existen modelos o documentaci�n (dise�o, diccionario de datos) de las bases de datos?;S�, actualizada para las bases de datos o de documentos m�s relevantes.;Medio;4
Arquitectura, Dise�o y Documentaci�nModelos y Documentaci�n�Existen modelos o documentaci�n (dise�o, diccionario de datos) de las bases de datos?S�, para todas las bases de datos o de documentos relevantes y procedimiento para su actualizaci�n.;Arquitectura, Dise�o y Documentaci�n;Modelos y Documentaci�n;18;�Existen modelos o documentaci�n (dise�o, diccionario de datos) de las bases de datos?;S�, para todas las bases de datos o de documentos relevantes y procedimiento para su actualizaci�n.;Avanzado;6
Arquitectura, Dise�o y Documentaci�nMetadatos�Existen directrices y est�ndares para la definici�n y gesti�n de metadatos asociados a datos y documentos?No;Arquitectura, Dise�o y Documentaci�n;Metadatos;19;�Existen directrices y est�ndares para la definici�n y gesti�n de metadatos asociados a datos y documentos?;No;Insuficiente;0
Arquitectura, Dise�o y Documentaci�nMetadatos�Existen directrices y est�ndares para la definici�n y gesti�n de metadatos asociados a datos y documentos?No, pero se est� en proceso de definici�n;Arquitectura, Dise�o y Documentaci�n;Metadatos;19;�Existen directrices y est�ndares para la definici�n y gesti�n de metadatos asociados a datos y documentos?;No, pero se est� en proceso de definici�n;B�sico;2
Arquitectura, Dise�o y Documentaci�nMetadatos�Existen directrices y est�ndares para la definici�n y gesti�n de metadatos asociados a datos y documentos?Si y se cuenta con un plan para su aplicaci�n;Arquitectura, Dise�o y Documentaci�n;Metadatos;19;�Existen directrices y est�ndares para la definici�n y gesti�n de metadatos asociados a datos y documentos?;Si y se cuenta con un plan para su aplicaci�n;Medio;4
Arquitectura, Dise�o y Documentaci�nMetadatos�Existen directrices y est�ndares para la definici�n y gesti�n de metadatos asociados a datos y documentos?Si y se aplica de manera sistem�tica;Arquitectura, Dise�o y Documentaci�n;Metadatos;19;�Existen directrices y est�ndares para la definici�n y gesti�n de metadatos asociados a datos y documentos?;Si y se aplica de manera sistem�tica;Avanzado;6
Arquitectura, Dise�o y Documentaci�nMetadatos�Existen metadatos asociados a las bases de datos?No;Arquitectura, Dise�o y Documentaci�n;Metadatos;20;�Existen metadatos asociados a las bases de datos?;No;Insuficiente;0
Arquitectura, Dise�o y Documentaci�nMetadatos�Existen metadatos asociados a las bases de datos?S�, algunos metadatos asociados a bases de datos o de documentos determinados, pero no existe un est�ndar.;Arquitectura, Dise�o y Documentaci�n;Metadatos;20;�Existen metadatos asociados a las bases de datos?;S�, algunos metadatos asociados a bases de datos o de documentos determinados, pero no existe un est�ndar.;B�sico;2
Arquitectura, Dise�o y Documentaci�nMetadatos�Existen metadatos asociados a las bases de datos?S�, existe un est�ndar de metadatos aplicado a las bases de datos o de documentos m�s relevantes.;Arquitectura, Dise�o y Documentaci�n;Metadatos;20;�Existen metadatos asociados a las bases de datos?;S�, existe un est�ndar de metadatos aplicado a las bases de datos o de documentos m�s relevantes.;Medio;4
Arquitectura, Dise�o y Documentaci�nMetadatos�Existen metadatos asociados a las bases de datos?S�, existen un est�ndar de metadatos aplicado a todos las bases de datos o de documentos relevantes y herramientas para gestionarlos;Arquitectura, Dise�o y Documentaci�n;Metadatos;20;�Existen metadatos asociados a las bases de datos?;S�, existen un est�ndar de metadatos aplicado a todos las bases de datos o de documentos relevantes y herramientas para gestionarlos;Avanzado;6
Almacenamiento y Operaci�nGesti�n de la operaci�n y almacenamiento�Se gestiona la operaci�n y el almacenamiento de los datos mediante la administraci�n de las bases, internamente o con apoyo externo?No;Almacenamiento y Operaci�n;Gesti�n de la operaci�n y almacenamiento;21;�Se gestiona la operaci�n y el almacenamiento de los datos mediante la administraci�n de las bases, internamente o con apoyo externo?;No;Insuficiente;0
Almacenamiento y Operaci�nGesti�n de la operaci�n y almacenamiento�Se gestiona la operaci�n y el almacenamiento de los datos mediante la administraci�n de las bases, internamente o con apoyo externo?S�, para las bases m�s relevantes.;Almacenamiento y Operaci�n;Gesti�n de la operaci�n y almacenamiento;21;�Se gestiona la operaci�n y el almacenamiento de los datos mediante la administraci�n de las bases, internamente o con apoyo externo?;S�, para las bases m�s relevantes.;B�sico;2
Almacenamiento y Operaci�nGesti�n de la operaci�n y almacenamiento�Se gestiona la operaci�n y el almacenamiento de los datos mediante la administraci�n de las bases, internamente o con apoyo externo?S�, incluyendo monitoreo de las bases m�s rel;Almacenamiento y Operaci�n;Gesti�n de la operaci�n y almacenamiento;21;�Se gestiona la operaci�n y el almacenamiento de los datos mediante la administraci�n de las bases, internamente o con apoyo externo?;S�, incluyendo monitoreo de las bases m�s relevantes.;Medio;4
Almacenamiento y Operaci�nGesti�n de la operaci�n y almacenamiento�Se gestiona la operaci�n y el almacenamiento de los datos mediante la administraci�n de las bases, internamente o con apoyo externo?S�, incluyendo monitoreo y planes de crecimie;Almacenamiento y Operaci�n;Gesti�n de la operaci�n y almacenamiento;21;�Se gestiona la operaci�n y el almacenamiento de los datos mediante la administraci�n de las bases, internamente o con apoyo externo?;S�, incluyendo monitoreo y planes de crecimiento/mejora (planificaci�n de la capacidad o capacity planning), para todas las bases de datos relevantes con herramientas especializadas.;Avanzado;6
Seguridad y Ciberseguridad de DatosSeguridad�Existen pol�ticas y procedimientos para el cumplimiento de la normativa de seguridad de la informaci�n?No;Seguridad y Ciberseguridad de Datos;Seguridad;22;�Existen pol�ticas y procedimientos para el cumplimiento de la normativa de seguridad de la informaci�n?;No;Insuficiente;0
Seguridad y Ciberseguridad de DatosSeguridad�Existen pol�ticas y procedimientos para el cumplimiento de la normativa de seguridad de la informaci�n?S�, pero no se auditan.;Seguridad y Ciberseguridad de Datos;Seguridad;22;�Existen pol�ticas y procedimientos para el cumplimiento de la normativa de seguridad de la informaci�n?;S�, pero no se auditan.;B�sico;2
Seguridad y Ciberseguridad de DatosSeguridad�Existen pol�ticas y procedimientos para el cumplimiento de la normativa de seguridad de la informaci�n?S�, existe un Sistema de Gesti�n de Seguridad de la Informaci�n (SGSI) con pol�ticas y procedimi;Seguridad y Ciberseguridad de Datos;Seguridad;22;�Existen pol�ticas y procedimientos para el cumplimiento de la normativa de seguridad de la informaci�n?;S�, existe un Sistema de Gesti�n de Seguridad de la Informaci�n (SGSI) con pol�ticas y procedimientos de seguridad, pero requiere ajuste y/o auditoria.;Medio;4
Seguridad y Ciberseguridad de DatosSeguridad�Existen pol�ticas y procedimientos para el cumplimiento de la normativa de seguridad de la informaci�n?S�, existe un Sistema de Gesti�n de Seguridad de la Informaci�n (SGSI) con pol�ticas y procedimi;Seguridad y Ciberseguridad de Datos;Seguridad;22;�Existen pol�ticas y procedimientos para el cumplimiento de la normativa de seguridad de la informaci�n?;S�, existe un Sistema de Gesti�n de Seguridad de la Informaci�n (SGSI) con pol�ticas y procedimientos de seguridad activo y auditado peri�dicamente.;Avanzado;6
Seguridad y Ciberseguridad de DatosCiberseguridad�Existen pol�ticas y procedimientos de ciberseguridad de la informaci�n?No;Seguridad y Ciberseguridad de Datos;Ciberseguridad;23;�Existen pol�ticas y procedimientos de ciberseguridad de la informaci�n?;No;Insuficiente;0
Seguridad y Ciberseguridad de DatosCiberseguridad�Existen pol�ticas y procedimientos de ciberseguridad de la informaci�n?S�;Seguridad y Ciberseguridad de Datos;Ciberseguridad;23;�Existen pol�ticas y procedimientos de ciberseguridad de la informaci�n?;S�;B�sico;2
Seguridad y Ciberseguridad de DatosCiberseguridad�Existen pol�ticas y procedimientos de ciberseguridad de la informaci�n?S� y se validan regularmente en forma interna.;Seguridad y Ciberseguridad de Datos;Ciberseguridad;23;�Existen pol�ticas y procedimientos de ciberseguridad de la informaci�n?;S� y se validan regularmente en forma interna.;Medio;4
Seguridad y Ciberseguridad de DatosCiberseguridad�Existen pol�ticas y procedimientos de ciberseguridad de la informaci�n?S� y se validan por terceros y se actualizan regularmente.;Seguridad y Ciberseguridad de Datos;Ciberseguridad;23;�Existen pol�ticas y procedimientos de ciberseguridad de la informaci�n?;S� y se validan por terceros y se actualizan regularmente.;Avanzado;6
Seguridad y Ciberseguridad de DatosProtecci�n de Datos Personales�Existe un responsable de la protecci�n de datos?No;Seguridad y Ciberseguridad de Datos;Protecci�n de Datos Personales;24;�Existe un responsable de la protecci�n de datos?;No;Insuficiente;0
Seguridad y Ciberseguridad de DatosProtecci�n de Datos Personales�Existe un responsable de la protecci�n de datos?S�;Seguridad y Ciberseguridad de Datos;Protecci�n de Datos Personales;24;�Existe un responsable de la protecci�n de datos?;S�;Avanzado;6
Seguridad y Ciberseguridad de DatosProtecci�n de Datos Personales�Existen pol�ticas y procedimientos asociados al cumplimiento de la privacidad y protecci�n de datos personales?No;Seguridad y Ciberseguridad de Datos;Protecci�n de Datos Personales;25;�Existen pol�ticas y procedimientos asociados al cumplimiento de la privacidad y protecci�n de datos personales?;No;Insuficiente;0
Seguridad y Ciberseguridad de DatosProtecci�n de Datos Personales�Existen pol�ticas y procedimientos asociados al cumplimiento de la privacidad y protecci�n de datos personales?S�;Seguridad y Ciberseguridad de Datos;Protecci�n de Datos Personales;25;�Existen pol�ticas y procedimientos asociados al cumplimiento de la privacidad y protecci�n de datos personales?;S�;B�sico;2
Seguridad y Ciberseguridad de DatosProtecci�n de Datos Personales�Existen pol�ticas y procedimientos asociados al cumplimiento de la privacidad y protecci�n de datos personales?S�, incluyendo mecanismos de anonimizaci�n (en caso de ser necesari;Seguridad y Ciberseguridad de Datos;Protecci�n de Datos Personales;25;�Existen pol�ticas y procedimientos asociados al cumplimiento de la privacidad y protecci�n de datos personales?;S�, incluyendo mecanismos de anonimizaci�n (en caso de ser necesarios) que son validados por terceros regularmente.;Medio;4
Seguridad y Ciberseguridad de DatosProtecci�n de Datos Personales�Existen pol�ticas y procedimientos asociados al cumplimiento de la privacidad y protecci�n de datos personales?S�, incluyendo mecanismos de anonimizaci�n que son validados por te;Seguridad y Ciberseguridad de Datos;Protecci�n de Datos Personales;25;�Existen pol�ticas y procedimientos asociados al cumplimiento de la privacidad y protecci�n de datos personales?;S�, incluyendo mecanismos de anonimizaci�n que son validados por terceros regularmente.;Avanzado;6
Seguridad y Ciberseguridad de DatosProtecci�n de Datos Personales�Existen directrices para la anonimizaci�n de datos cuando es requerido?No;Seguridad y Ciberseguridad de Datos;Protecci�n de Datos Personales;26;�Existen directrices para la anonimizaci�n de datos cuando es requerido?;No;Insuficiente;0
Seguridad y Ciberseguridad de DatosProtecci�n de Datos Personales�Existen directrices para la anonimizaci�n de datos cuando es requerido?S�;Seguridad y Ciberseguridad de Datos;Protecci�n de Datos Personales;26;�Existen directrices para la anonimizaci�n de datos cuando es requerido?;S�;Avanzado;6
Seguridad y Ciberseguridad de DatosRecuperaci�n ante desastres�Existen mecanismos de respaldo y recuperaci�n, planes de recuperaci�n ante desastres (DRP) o planes de continuidad de negocio (BCP) probados y operativos?No;Seguridad y Ciberseguridad de Datos;Recuperaci�n ante desastres;27;�Existen mecanismos de respaldo y recuperaci�n, planes de recuperaci�n ante desastres (DRP) o planes de continuidad de negocio (BCP) probados y operativos?;No;Insuficiente;0
Seguridad y Ciberseguridad de DatosRecuperaci�n ante desastres�Existen mecanismos de respaldo y recuperaci�n, planes de recuperaci�n ante desastres (DRP) o planes de continuidad de negocio (BCP) probados y operativos?S�, existen mecanismos de r;Seguridad y Ciberseguridad de Datos;Recuperaci�n ante desastres;27;�Existen mecanismos de respaldo y recuperaci�n, planes de recuperaci�n ante desastres (DRP) o planes de continuidad de negocio (BCP) probados y operativos?;S�, existen mecanismos de respaldo y recuperaci�n;B�sico;2
Seguridad y Ciberseguridad de DatosRecuperaci�n ante desastres�Existen mecanismos de respaldo y recuperaci�n, planes de recuperaci�n ante desastres (DRP) o planes de continuidad de negocio (BCP) probados y operativos?S�, existe plan de recupera;Seguridad y Ciberseguridad de Datos;Recuperaci�n ante desastres;27;�Existen mecanismos de respaldo y recuperaci�n, planes de recuperaci�n ante desastres (DRP) o planes de continuidad de negocio (BCP) probados y operativos?;S�, existe plan de recuperaci�n ante desastres (DRP);Medio;4
Seguridad y Ciberseguridad de DatosRecuperaci�n ante desastres�Existen mecanismos de respaldo y recuperaci�n, planes de recuperaci�n ante desastres (DRP) o planes de continuidad de negocio (BCP) probados y operativos?S�, existe plan de recupera;Seguridad y Ciberseguridad de Datos;Recuperaci�n ante desastres;27;�Existen mecanismos de respaldo y recuperaci�n, planes de recuperaci�n ante desastres (DRP) o planes de continuidad de negocio (BCP) probados y operativos?;S�, existe plan de recuperaci�n ante desastres (DRP) y plan de continuidad de negocio (BCP) probado, operativo y conocido por toda la instituci�n.;Avanzado;6
Integraci�n e InteroperabilidadIntegraci�n�Existen mecanismos de integraci�n y consolidaci�n de datos mediante herramientas tipo ETL o Ingesta para las bases de datos y/o bases de gesti�n (datamart, datawarehouse, datalake)?No;Integraci�n e Interoperabilidad;Integraci�n;28;�Existen mecanismos de integraci�n y consolidaci�n de datos mediante herramientas tipo ETL o Ingesta para las bases de datos y/o bases de gesti�n (datamart, datawarehouse, datalake)?;No;Insuficiente;0
Integraci�n e InteroperabilidadIntegraci�n�Existen mecanismos de integraci�n y consolidaci�n de datos mediante herramientas tipo ETL o Ingesta para las bases de datos y/o bases de gesti�n (datamart, datawarehouse, datalake)?S�, para algunas bas;Integraci�n e Interoperabilidad;Integraci�n;28;�Existen mecanismos de integraci�n y consolidaci�n de datos mediante herramientas tipo ETL o Ingesta para las bases de datos y/o bases de gesti�n (datamart, datawarehouse, datalake)?;S�, para algunas bases;B�sico;2
Integraci�n e InteroperabilidadIntegraci�n�Existen mecanismos de integraci�n y consolidaci�n de datos mediante herramientas tipo ETL o Ingesta para las bases de datos y/o bases de gesti�n (datamart, datawarehouse, datalake)?S�, para las bases m;Integraci�n e Interoperabilidad;Integraci�n;28;�Existen mecanismos de integraci�n y consolidaci�n de datos mediante herramientas tipo ETL o Ingesta para las bases de datos y/o bases de gesti�n (datamart, datawarehouse, datalake)?;S�, para las bases m�s relevantes.;Medio;4
Integraci�n e InteroperabilidadIntegraci�n�Existen mecanismos de integraci�n y consolidaci�n de datos mediante herramientas tipo ETL o Ingesta para las bases de datos y/o bases de gesti�n (datamart, datawarehouse, datalake)?S�, para todas las b;Integraci�n e Interoperabilidad;Integraci�n;28;�Existen mecanismos de integraci�n y consolidaci�n de datos mediante herramientas tipo ETL o Ingesta para las bases de datos y/o bases de gesti�n (datamart, datawarehouse, datalake)?;S�, para todas las bases relevantes;Avanzado;6
Integraci�n e InteroperabilidadInteroperabilidad�Existen acuerdos de acceso y/o intercambio de datos con terceros, sean estas instituciones del sector p�blico, privado o internacional?No;Integraci�n e Interoperabilidad;Interoperabilidad;29;�Existen acuerdos de acceso y/o intercambio de datos con terceros, sean estas instituciones del sector p�blico, privado o internacional?;No;Insuficiente;0
Integraci�n e InteroperabilidadInteroperabilidad�Existen acuerdos de acceso y/o intercambio de datos con terceros, sean estas instituciones del sector p�blico, privado o internacional?S�, pero son los m�nimos necesarios;Integraci�n e Interoperabilidad;Interoperabilidad;29;�Existen acuerdos de acceso y/o intercambio de datos con terceros, sean estas instituciones del sector p�blico, privado o internacional?;S�, pero son los m�nimos necesarios;B�sico;2
Integraci�n e InteroperabilidadInteroperabilidad�Existen acuerdos de acceso y/o intercambio de datos con terceros, sean estas instituciones del sector p�blico, privado o internacional?S�, y se est� buscando ampliarlos;Integraci�n e Interoperabilidad;Interoperabilidad;29;�Existen acuerdos de acceso y/o intercambio de datos con terceros, sean estas instituciones del sector p�blico, privado o internacional?;S�, y se est� buscando ampliarlos;Medio;4
Integraci�n e InteroperabilidadInteroperabilidad�Existen acuerdos de acceso y/o intercambio de datos con terceros, sean estas instituciones del sector p�blico, privado o internacional?S�, todos los necesarios;Integraci�n e Interoperabilidad;Interoperabilidad;29;�Existen acuerdos de acceso y/o intercambio de datos con terceros, sean estas instituciones del sector p�blico, privado o internacional?;S�, todos los necesarios;Avanzado;6
Integraci�n e InteroperabilidadInteroperabilidad�Se han identificado los requerimientos de interoperabilidad (tanto de entrada como de salida) y existen mecanismos de interoperabilidad?No;Integraci�n e Interoperabilidad;Interoperabilidad;30;�Se han identificado los requerimientos de interoperabilidad (tanto de entrada como de salida) y existen mecanismos de interoperabilidad?;No;Insuficiente;0
Integraci�n e InteroperabilidadInteroperabilidad�Se han identificado los requerimientos de interoperabilidad (tanto de entrada como de salida) y existen mecanismos de interoperabilidad?S�, incluyendo mecanismos de interoperabilidad ya sea media;Integraci�n e Interoperabilidad;Interoperabilidad;30;�Se han identificado los requerimientos de interoperabilidad (tanto de entrada como de salida) y existen mecanismos de interoperabilidad?;S�, incluyendo mecanismos de interoperabilidad ya sea mediante PISEE 2.0 u otros.;B�sico;2
Integraci�n e InteroperabilidadInteroperabilidad�Se han identificado los requerimientos de interoperabilidad (tanto de entrada como de salida) y existen mecanismos de interoperabilidad?S� y se han habilitado y se utilizan regularmente (como par;Integraci�n e Interoperabilidad;Interoperabilidad;30;�Se han identificado los requerimientos de interoperabilidad (tanto de entrada como de salida) y existen mecanismos de interoperabilidad?;S� y se han habilitado y se utilizan regularmente (como parte de la operaci�n) algunos servicios de interoperabilidad ya sea mediante PISEE 2.0 u otros.;Medio;4
Integraci�n e InteroperabilidadInteroperabilidad�Se han identificado los requerimientos de interoperabilidad (tanto de entrada como de salida) y existen mecanismos de interoperabilidad?S� y todo el intercambio de informaci�n con otras entidades;Integraci�n e Interoperabilidad;Interoperabilidad;30;�Se han identificado los requerimientos de interoperabilidad (tanto de entrada como de salida) y existen mecanismos de interoperabilidad?;S� y todo el intercambio de informaci�n con otras entidades se realiza mediante la plataforma PISEE 2.0;Avanzado;6
Integraci�n e InteroperabilidadInteroperabilidad�Se utiliza la Plataforma de Interoperabilidad del Estado para la interoperabilidad con otras instituciones?No;Integraci�n e Interoperabilidad;Interoperabilidad;31;�Se utiliza la Plataforma de Interoperabilidad del Estado para la interoperabilidad con otras instituciones?;No;Insuficiente;0
Integraci�n e InteroperabilidadInteroperabilidad�Se utiliza la Plataforma de Interoperabilidad del Estado para la interoperabilidad con otras instituciones?S�;Integraci�n e Interoperabilidad;Interoperabilidad;31;�Se utiliza la Plataforma de Interoperabilidad del Estado para la interoperabilidad con otras instituciones?;S�;Avanzado;6
Documentos y ContenidosDefiniciones�Existe un diagn�stico del estado de la gesti�n documental y una pol�tica de gesti�n documental?No;Documentos y Contenidos;Definiciones;32;�Existe un diagn�stico del estado de la gesti�n documental y una pol�tica de gesti�n documental?;No;Insuficiente;0
Documentos y ContenidosDefiniciones�Existe un diagn�stico del estado de la gesti�n documental y una pol�tica de gesti�n documental?S�, existe diagn�stico y se est� trabajando en la pol�tica;Documentos y Contenidos;Definiciones;32;�Existe un diagn�stico del estado de la gesti�n documental y una pol�tica de gesti�n documental?;S�, existe diagn�stico y se est� trabajando en la pol�tica;B�sico;2
Documentos y ContenidosDefiniciones�Existe un diagn�stico del estado de la gesti�n documental y una pol�tica de gesti�n documental?S�, existe una pol�tica de gesti�n documental que incluye la definici�n de ciclo de vida, la clasificaci�n, valor;Documentos y Contenidos;Definiciones;32;�Existe un diagn�stico del estado de la gesti�n documental y una pol�tica de gesti�n documental?;S�, existe una pol�tica de gesti�n documental que incluye la definici�n de ciclo de vida, la clasificaci�n, valoraci�n, retenci�n y eliminaci�n de documentos en proceso de implementaci�n.;Medio;4
Documentos y ContenidosDefiniciones�Existe un diagn�stico del estado de la gesti�n documental y una pol�tica de gesti�n documental?S�, existen una pol�tica de gesti�n documental, procesos asociados y mecanismos de evaluaci�n y seguimiento.;Documentos y Contenidos;Definiciones;32;�Existe un diagn�stico del estado de la gesti�n documental y una pol�tica de gesti�n documental?;S�, existen una pol�tica de gesti�n documental, procesos asociados y mecanismos de evaluaci�n y seguimiento.;Avanzado;6
"Documentos y ContenidosMetadatos�Se ha revisado la definici�n del documento ""Metadatos para la Gesti�n Documental de las Instituciones P�blicas"" identificando las brechas y generando un plan de cumplimiento?No";Documentos y Contenidos;Metadatos;33;"�Se ha revisado la definici�n del documento ""Metadatos para la Gesti�n Documental de las Instituciones P�blicas"" identificando las brechas y generando un plan de cumplimiento?";No;Insuficiente;0
"Documentos y ContenidosMetadatos�Se ha revisado la definici�n del documento ""Metadatos para la Gesti�n Documental de las Instituciones P�blicas"" identificando las brechas y generando un plan de cumplimiento?S�";Documentos y Contenidos;Metadatos;33;"�Se ha revisado la definici�n del documento ""Metadatos para la Gesti�n Documental de las Instituciones P�blicas"" identificando las brechas y generando un plan de cumplimiento?";S�;B�sico;2
"Documentos y ContenidosMetadatos�Se ha revisado la definici�n del documento ""Metadatos para la Gesti�n Documental de las Instituciones P�blicas"" identificando las brechas y generando un plan de cumplimiento?S� y se est� trabajando en el plan de";Documentos y Contenidos;Metadatos;33;"�Se ha revisado la definici�n del documento ""Metadatos para la Gesti�n Documental de las Instituciones P�blicas"" identificando las brechas y generando un plan de cumplimiento?";S� y se est� trabajando en el plan de cumplimiento;Medio;4
"Documentos y ContenidosMetadatos�Se ha revisado la definici�n del documento ""Metadatos para la Gesti�n Documental de las Instituciones P�blicas"" identificando las brechas y generando un plan de cumplimiento?S�, se cumple a cabalidad con el docu";Documentos y Contenidos;Metadatos;33;"�Se ha revisado la definici�n del documento ""Metadatos para la Gesti�n Documental de las Instituciones P�blicas"" identificando las brechas y generando un plan de cumplimiento?";S�, se cumple a cabalidad con el documento;Avanzado;6
Documentos y ContenidosExpediente Electr�nico�Se cuenta con una definici�n y plan de implementaci�n del expediente electr�nico de acuerdo a lo requerido en la Ley 21.180 (Ley de TD)?No;Documentos y Contenidos;Expediente Electr�nico;34;�Se cuenta con una definici�n y plan de implementaci�n del expediente electr�nico de acuerdo a lo requerido en la Ley 21.180 (Ley de TD)?;No;Insuficiente;0
Documentos y ContenidosExpediente Electr�nico�Se cuenta con una definici�n y plan de implementaci�n del expediente electr�nico de acuerdo a lo requerido en la Ley 21.180 (Ley de TD)?S�;Documentos y Contenidos;Expediente Electr�nico;34;�Se cuenta con una definici�n y plan de implementaci�n del expediente electr�nico de acuerdo a lo requerido en la Ley 21.180 (Ley de TD)?;S�;B�sico;2
Documentos y ContenidosExpediente Electr�nico�Se cuenta con una definici�n y plan de implementaci�n del expediente electr�nico de acuerdo a lo requerido en la Ley 21.180 (Ley de TD)?S� y se est� trabajando en su implementaci�n;Documentos y Contenidos;Expediente Electr�nico;34;�Se cuenta con una definici�n y plan de implementaci�n del expediente electr�nico de acuerdo a lo requerido en la Ley 21.180 (Ley de TD)?;S� y se est� trabajando en su implementaci�n;Medio;4
Documentos y ContenidosExpediente Electr�nico�Se cuenta con una definici�n y plan de implementaci�n del expediente electr�nico de acuerdo a lo requerido en la Ley 21.180 (Ley de TD)?S� y se cumple a cabalidad;Documentos y Contenidos;Expediente Electr�nico;34;�Se cuenta con una definici�n y plan de implementaci�n del expediente electr�nico de acuerdo a lo requerido en la Ley 21.180 (Ley de TD)?;S� y se cumple a cabalidad;Avanzado;6
Documentos y ContenidosRepositorio Documental�Se ha incorporado una herramienta de repositorio documental?No;Documentos y Contenidos;Repositorio Documental;35;�Se ha incorporado una herramienta de repositorio documental?;No;Insuficiente;0
Documentos y ContenidosRepositorio Documental�Se ha incorporado una herramienta de repositorio documental?S� en una o m�s �reas.;Documentos y Contenidos;Repositorio Documental;35;�Se ha incorporado una herramienta de repositorio documental?;S� en una o m�s �reas.;B�sico;2
Documentos y ContenidosRepositorio Documental�Se ha incorporado una herramienta de repositorio documental?S� y cumplen con los est�ndares definidos en la pol�tica institucional de gesti�n documental.;Documentos y Contenidos;Repositorio Documental;35;�Se ha incorporado una herramienta de repositorio documental?;S� y cumplen con los est�ndares definidos en la pol�tica institucional de gesti�n documental.;Medio;4
Documentos y ContenidosRepositorio Documental�Se ha incorporado una herramienta de repositorio documental?S� y se han implementado sistem�ticamente cumpliendo los est�ndares definidos en la pol�tica institucional de gesti�n documental.;Documentos y Contenidos;Repositorio Documental;35;�Se ha incorporado una herramienta de repositorio documental?;S� y se han implementado sistem�ticamente cumpliendo los est�ndares definidos en la pol�tica institucional de gesti�n documental.;Avanzado;6
Datos Maestros y de ReferenciaDatos referenciales�Existen estandarizaci�n de c�digos de la informaci�n que se comparte entre �reas y/o con externos?No;Datos Maestros y de Referencia;Datos referenciales;36;�Existen estandarizaci�n de c�digos de la informaci�n que se comparte entre �reas y/o con externos?;No;Insuficiente;0
Datos Maestros y de ReferenciaDatos referenciales�Existen estandarizaci�n de c�digos de la informaci�n que se comparte entre �reas y/o con externos?S�, los c�digos b�sicos para datos que se comparten entre �reas y/o con externos.;Datos Maestros y de Referencia;Datos referenciales;36;�Existen estandarizaci�n de c�digos de la informaci�n que se comparte entre �reas y/o con externos?;S�, los c�digos b�sicos para datos que se comparten entre �reas y/o con externos.;B�sico;2
Datos Maestros y de ReferenciaDatos referenciales�Existen estandarizaci�n de c�digos de la informaci�n que se comparte entre �reas y/o con externos?S�, todos los c�digos para los datos m�s relevantes que se comparten entre �reas y/o con externo;Datos Maestros y de Referencia;Datos referenciales;36;�Existen estandarizaci�n de c�digos de la informaci�n que se comparte entre �reas y/o con externos?;S�, todos los c�digos para los datos m�s relevantes que se comparten entre �reas y/o con externos.;Medio;4
Datos Maestros y de ReferenciaDatos referenciales�Existen estandarizaci�n de c�digos de la informaci�n que se comparte entre �reas y/o con externos?S�, los c�digos para todos los datos relevantes que se comparten entre �reas y/o con externos.;Datos Maestros y de Referencia;Datos referenciales;36;�Existen estandarizaci�n de c�digos de la informaci�n que se comparte entre �reas y/o con externos?;S�, los c�digos para todos los datos relevantes que se comparten entre �reas y/o con externos.;Avanzado;6
Datos Maestros y de ReferenciaDatos maestros�Existe una identificaci�n de los datos maestros y estos se consolidan y gestionan centralmente?No;Datos Maestros y de Referencia;Datos maestros;37;�Existe una identificaci�n de los datos maestros y estos se consolidan y gestionan centralmente?;No;Insuficiente;0
Datos Maestros y de ReferenciaDatos maestros�Existe una identificaci�n de los datos maestros y estos se consolidan y gestionan centralmente?S�, pero no est�n consolidados ni gestionados centralmente.;Datos Maestros y de Referencia;Datos maestros;37;�Existe una identificaci�n de los datos maestros y estos se consolidan y gestionan centralmente?;S�, pero no est�n consolidados ni gestionados centralmente.;B�sico;2
Datos Maestros y de ReferenciaDatos maestros�Existe una identificaci�n de los datos maestros y estos se consolidan y gestionan centralmente?S�, algunos datos maestros, los m�s relevantes o prioritarios, est�n consolidados y gestionados, aunque ;Datos Maestros y de Referencia;Datos maestros;37;�Existe una identificaci�n de los datos maestros y estos se consolidan y gestionan centralmente?;S�, algunos datos maestros, los m�s relevantes o prioritarios, est�n consolidados y gestionados, aunque no centralmente.;Medio;4
Datos Maestros y de ReferenciaDatos maestros�Existe una identificaci�n de los datos maestros y estos se consolidan y gestionan centralmente?S�, los datos maestros relevantes est�n consolidados y gestionados centralmente.;Datos Maestros y de Referencia;Datos maestros;37;�Existe una identificaci�n de los datos maestros y estos se consolidan y gestionan centralmente?;S�, los datos maestros relevantes est�n consolidados y gestionados centralmente.;Avanzado;6
Datos Maestros y de ReferenciaHerramientas�Se cuenta con desarrollos ad-hoc o herramientas de Master Data Management (MDM) que apoyan la gesti�n de los datos maestros y referenciales?No;Datos Maestros y de Referencia;Herramientas;38;�Se cuenta con desarrollos ad-hoc o herramientas de Master Data Management (MDM) que apoyan la gesti�n de los datos maestros y referenciales?;No;Insuficiente;0
Datos Maestros y de ReferenciaHerramientas�Se cuenta con desarrollos ad-hoc o herramientas de Master Data Management (MDM) que apoyan la gesti�n de los datos maestros y referenciales?S�, se cuenta con desarrollos ad-hoc;Datos Maestros y de Referencia;Herramientas;38;�Se cuenta con desarrollos ad-hoc o herramientas de Master Data Management (MDM) que apoyan la gesti�n de los datos maestros y referenciales?;S�, se cuenta con desarrollos ad-hoc;B�sico;2
Datos Maestros y de ReferenciaHerramientas�Se cuenta con desarrollos ad-hoc o herramientas de Master Data Management (MDM) que apoyan la gesti�n de los datos maestros y referenciales?S�, se est� en proceso de implementaci�n de herramientas MDM;Datos Maestros y de Referencia;Herramientas;38;�Se cuenta con desarrollos ad-hoc o herramientas de Master Data Management (MDM) que apoyan la gesti�n de los datos maestros y referenciales?;S�, se est� en proceso de implementaci�n de herramientas MDM;Medio;4
Datos Maestros y de ReferenciaHerramientas�Se cuenta con desarrollos ad-hoc o herramientas de Master Data Management (MDM) que apoyan la gesti�n de los datos maestros y referenciales?S�, se cuenta con herramientas de MDM completamente implement;Datos Maestros y de Referencia;Herramientas;38;�Se cuenta con desarrollos ad-hoc o herramientas de Master Data Management (MDM) que apoyan la gesti�n de los datos maestros y referenciales?;S�, se cuenta con herramientas de MDM completamente implementadas;Avanzado;6
Anal�tica e Inteligencia de NegociosToma de decisiones basada en informaci�n�Existe la definici�n institucional y la pr�ctica de hacer an�lisis de datos para la gesti�n y toma de decisiones?No;Anal�tica e Inteligencia de Negocios;Toma de decisiones basada en informaci�n;39;�Existe la definici�n institucional y la pr�ctica de hacer an�lisis de datos para la gesti�n y toma de decisiones?;No;Insuficiente;0
Anal�tica e Inteligencia de NegociosToma de decisiones basada en informaci�n�Existe la definici�n institucional y la pr�ctica de hacer an�lisis de datos para la gesti�n y toma de decisiones?S�, existe la definici�n institucional y se est� traba;Anal�tica e Inteligencia de Negocios;Toma de decisiones basada en informaci�n;39;�Existe la definici�n institucional y la pr�ctica de hacer an�lisis de datos para la gesti�n y toma de decisiones?;S�, existe la definici�n institucional y se est� trabajando en incorporar la pr�ctica;B�sico;2
Anal�tica e Inteligencia de NegociosToma de decisiones basada en informaci�n�Existe la definici�n institucional y la pr�ctica de hacer an�lisis de datos para la gesti�n y toma de decisiones?S�, existe la definici�n institucional y la pr�ctica a;Anal�tica e Inteligencia de Negocios;Toma de decisiones basada en informaci�n;39;�Existe la definici�n institucional y la pr�ctica de hacer an�lisis de datos para la gesti�n y toma de decisiones?;S�, existe la definici�n institucional y la pr�ctica a nivel de algunas unidades;Medio;4
Anal�tica e Inteligencia de NegociosToma de decisiones basada en informaci�n�Existe la definici�n institucional y la pr�ctica de hacer an�lisis de datos para la gesti�n y toma de decisiones?S�, existe la definici�n y la pr�ctica a nivel institu;Anal�tica e Inteligencia de Negocios;Toma de decisiones basada en informaci�n;39;�Existe la definici�n institucional y la pr�ctica de hacer an�lisis de datos para la gesti�n y toma de decisiones?;S�, existe la definici�n y la pr�ctica a nivel institucional;Avanzado;6
Anal�tica e Inteligencia de NegociosInformaci�n de gesti�n�Existen repositorios de gesti�n de tipo data mart / data warehouse o data lake para la gesti�n institucional?No;Anal�tica e Inteligencia de Negocios;Informaci�n de gesti�n;40;�Existen repositorios de gesti�n de tipo data mart / data warehouse o data lake para la gesti�n institucional?;No;Insuficiente;0
Anal�tica e Inteligencia de NegociosInformaci�n de gesti�n�Existen repositorios de gesti�n de tipo data mart / data warehouse o data lake para la gesti�n institucional?S� y abordan algunos �mbitos de la gesti�n institucional;Anal�tica e Inteligencia de Negocios;Informaci�n de gesti�n;40;�Existen repositorios de gesti�n de tipo data mart / data warehouse o data lake para la gesti�n institucional?;S� y abordan algunos �mbitos de la gesti�n institucional;B�sico;2
Anal�tica e Inteligencia de NegociosInformaci�n de gesti�n�Existen repositorios de gesti�n de tipo data mart / data warehouse o data lake para la gesti�n institucional?S� y abordan los principales �mbitos de la gesti�n institucional;Anal�tica e Inteligencia de Negocios;Informaci�n de gesti�n;40;�Existen repositorios de gesti�n de tipo data mart / data warehouse o data lake para la gesti�n institucional?;S� y abordan los principales �mbitos de la gesti�n institucional;Medio;4
Anal�tica e Inteligencia de NegociosInformaci�n de gesti�n�Existen repositorios de gesti�n de tipo data mart / data warehouse o data lake para la gesti�n institucional?S� y abordan los principales �mbitos de gesti�n institucional y se incorpora;Anal�tica e Inteligencia de Negocios;Informaci�n de gesti�n;40;�Existen repositorios de gesti�n de tipo data mart / data warehouse o data lake para la gesti�n institucional?;S� y abordan los principales �mbitos de gesti�n institucional y se incorporan nuevos proyectos en la medida de las necesidades.;Avanzado;6
Anal�tica e Inteligencia de NegociosHerramientas�Existen herramientas de tipo inteligencia de negocios y otras para hacer anal�tica o ciencia de datos, incluyendo IA?No;Anal�tica e Inteligencia de Negocios;Herramientas;41;�Existen herramientas de tipo inteligencia de negocios y otras para hacer anal�tica o ciencia de datos, incluyendo IA?;No;Insuficiente;0
Anal�tica e Inteligencia de NegociosHerramientas�Existen herramientas de tipo inteligencia de negocios y otras para hacer anal�tica o ciencia de datos, incluyendo IA?S�, de inteligencia de negocios para visualizaci�n de informaci�n (paneles de ;Anal�tica e Inteligencia de Negocios;Herramientas;41;�Existen herramientas de tipo inteligencia de negocios y otras para hacer anal�tica o ciencia de datos, incluyendo IA?;S�, de inteligencia de negocios para visualizaci�n de informaci�n (paneles de control);B�sico;2
Anal�tica e Inteligencia de NegociosHerramientas�Existen herramientas de tipo inteligencia de negocios y otras para hacer anal�tica o ciencia de datos, incluyendo IA?S�, de inteligencia de negocios y anal�tica o ciencia de datos, incluyendo IA;Anal�tica e Inteligencia de Negocios;Herramientas;41;�Existen herramientas de tipo inteligencia de negocios y otras para hacer anal�tica o ciencia de datos, incluyendo IA?;S�, de inteligencia de negocios y anal�tica o ciencia de datos, incluyendo IA;Medio;4
Anal�tica e Inteligencia de NegociosHerramientas�Existen herramientas de tipo inteligencia de negocios y otras para hacer anal�tica o ciencia de datos, incluyendo IA?S�, de inteligencia de negocios y anal�tica o ciencia de datos, incluyendo IA ;Anal�tica e Inteligencia de Negocios;Herramientas;41;�Existen herramientas de tipo inteligencia de negocios y otras para hacer anal�tica o ciencia de datos, incluyendo IA?;S�, de inteligencia de negocios y anal�tica o ciencia de datos, incluyendo IA utilizadas institucionalmente;Avanzado;6
Calidad de DatosDefinici�n�Existe una definici�n de calidad de datos que permita evaluar y auditar la calidad de datos a nivel institucional?No;Calidad de Datos;Definici�n;42;�Existe una definici�n de calidad de datos que permita evaluar y auditar la calidad de datos a nivel institucional?;No;Insuficiente;0
Calidad de DatosDefinici�n�Existe una definici�n de calidad de datos que permita evaluar y auditar la calidad de datos a nivel institucional?Se est� trabajando en generarla;Calidad de Datos;Definici�n;42;�Existe una definici�n de calidad de datos que permita evaluar y auditar la calidad de datos a nivel institucional?;Se est� trabajando en generarla;B�sico;2
Calidad de DatosDefinici�n�Existe una definici�n de calidad de datos que permita evaluar y auditar la calidad de datos a nivel institucional?S�, existe una definici�n que se est� en proceso de aplicar;Calidad de Datos;Definici�n;42;�Existe una definici�n de calidad de datos que permita evaluar y auditar la calidad de datos a nivel institucional?;S�, existe una definici�n que se est� en proceso de aplicar;Medio;4
Calidad de DatosDefinici�n�Existe una definici�n de calidad de datos que permita evaluar y auditar la calidad de datos a nivel institucional?S�, existe una definici�n de calidad de datos que se eval�a y controla en los procesos definidos;Calidad de Datos;Definici�n;42;�Existe una definici�n de calidad de datos que permita evaluar y auditar la calidad de datos a nivel institucional?;S�, existe una definici�n de calidad de datos que se eval�a y controla en los procesos definidos;Avanzado;6
Calidad de DatosMetodolog�a y Herramientas�Se utilizan metodolog�as (o est�ndares) y herramientas para la gesti�n de calidad?No;Calidad de Datos;Metodolog�a y Herramientas;43;�Se utilizan metodolog�as (o est�ndares) y herramientas para la gesti�n de calidad?;No;Insuficiente;0
Calidad de DatosMetodolog�a y Herramientas�Se utilizan metodolog�as (o est�ndares) y herramientas para la gesti�n de calidad?Se han identificado y evaluado;Calidad de Datos;Metodolog�a y Herramientas;43;�Se utilizan metodolog�as (o est�ndares) y herramientas para la gesti�n de calidad?;Se han identificado y evaluado;B�sico;2
Calidad de DatosMetodolog�a y Herramientas�Se utilizan metodolog�as (o est�ndares) y herramientas para la gesti�n de calidad?S�, se est� en el proceso de incorporar metodolog�as (o est�ndares) y herramientas.;Calidad de Datos;Metodolog�a y Herramientas;43;�Se utilizan metodolog�as (o est�ndares) y herramientas para la gesti�n de calidad?;S�, se est� en el proceso de incorporar metodolog�as (o est�ndares) y herramientas.;Medio;4
Calidad de DatosMetodolog�a y Herramientas�Se utilizan metodolog�as (o est�ndares) y herramientas para la gesti�n de calidad?S�, y se aplican de manera regular en todos los procesos relevantes;Calidad de Datos;Metodolog�a y Herramientas;43;�Se utilizan metodolog�as (o est�ndares) y herramientas para la gesti�n de calidad?;S�, y se aplican de manera regular en todos los procesos relevantes;Avanzado;6
Datos AbiertosDefiniciones�Existe una estrategia de datos abiertos?No;Datos Abiertos;Definiciones;44;�Existe una estrategia de datos abiertos?;No;Insuficiente;0
Datos AbiertosDefiniciones�Existe una estrategia de datos abiertos?S�;Datos Abiertos;Definiciones;44;�Existe una estrategia de datos abiertos?;S�;Avanzado;6
Datos AbiertosDefiniciones�Se ha incorporado institucionalmente la definici�n de datos abiertos por defecto y los principios de datos abiertos (Open Data Charter)?No;Datos Abiertos;Definiciones;45;�Se ha incorporado institucionalmente la definici�n de datos abiertos por defecto y los principios de datos abiertos (Open Data Charter)?;No;Insuficiente;0
Datos AbiertosDefiniciones�Se ha incorporado institucionalmente la definici�n de datos abiertos por defecto y los principios de datos abiertos (Open Data Charter)?S�, existe la definici�n institucional y se est� trabajando activamente en inicia;Datos Abiertos;Definiciones;45;�Se ha incorporado institucionalmente la definici�n de datos abiertos por defecto y los principios de datos abiertos (Open Data Charter)?;S�, existe la definici�n institucional y se est� trabajando activamente en iniciativas espec�ficas.;B�sico;2
Datos AbiertosDefiniciones�Se ha incorporado institucionalmente la definici�n de datos abiertos por defecto y los principios de datos abiertos (Open Data Charter)?S�, existe la definici�n institucional y existen avances concretos.;Datos Abiertos;Definiciones;45;�Se ha incorporado institucionalmente la definici�n de datos abiertos por defecto y los principios de datos abiertos (Open Data Charter)?;S�, existe la definici�n institucional y existen avances concretos.;Medio;4
Datos AbiertosDefiniciones�Se ha incorporado institucionalmente la definici�n de datos abiertos por defecto y los principios de datos abiertos (Open Data Charter)?S�, existe la definici�n institucional y se cumplen a cabalidad (salvo los casos ;Datos Abiertos;Definiciones;45;�Se ha incorporado institucionalmente la definici�n de datos abiertos por defecto y los principios de datos abiertos (Open Data Charter)?;S�, existe la definici�n institucional y se cumplen a cabalidad (salvo los casos justificados) los principios de datos abiertos.;Avanzado;6
Datos AbiertosPublicaci�n�Se publican datos abiertos de manera regular?No;Datos Abiertos;Publicaci�n;46;�Se publican datos abiertos de manera regular?;No;Insuficiente;0
Datos AbiertosPublicaci�n�Se publican datos abiertos de manera regular?S�, datos b�sicos;Datos Abiertos;Publicaci�n;46;�Se publican datos abiertos de manera regular?;S�, datos b�sicos;B�sico;2
Datos AbiertosPublicaci�n�Se publican datos abiertos de manera regular?S�, datos procesados o consolidados;Datos Abiertos;Publicaci�n;46;�Se publican datos abiertos de manera regular?;S�, datos procesados o consolidados;Medio;4
Datos AbiertosPublicaci�n�Se publican datos abiertos de manera regular?S�, datos evaluados como de alto valor;Datos Abiertos;Publicaci�n;46;�Se publican datos abiertos de manera regular?;S�, datos evaluados como de alto valor;Avanzado;6
Datos AbiertosPublicaci�nSi se publican datos abiertos �en qu� lugar se publican?No se publica;Datos Abiertos;Publicaci�n;47;Si se publican datos abiertos �en qu� lugar se publican?;No se publica;Insuficiente;0
Datos AbiertosPublicaci�nSi se publican datos abiertos �en qu� lugar se publican?Portal propio;Datos Abiertos;Publicaci�n;47;Si se publican datos abiertos �en qu� lugar se publican?;Portal propio;B�sico;2
Datos AbiertosPublicaci�nSi se publican datos abiertos �en qu� lugar se publican?Portal nacional;Datos Abiertos;Publicaci�n;47;Si se publican datos abiertos �en qu� lugar se publican?;Portal nacional;Medio;4
Datos AbiertosPublicaci�nSi se publican datos abiertos �en qu� lugar se publican?Portal propio y portal nacional;Datos Abiertos;Publicaci�n;47;Si se publican datos abiertos �en qu� lugar se publican?;Portal propio y portal nacional;Avanzado;6
Datos AbiertosPublicaci�n�Existen las condiciones (recursos) e incentivos para la publicaci�n de datos abiertos?No o no son suficientes;Datos Abiertos;Publicaci�n;48;�Existen las condiciones (recursos) e incentivos para la publicaci�n de datos abiertos?;No o no son suficientes;Insuficiente;0
Datos AbiertosPublicaci�n�Existen las condiciones (recursos) e incentivos para la publicaci�n de datos abiertos?No, pero se est�n definiendo;Datos Abiertos;Publicaci�n;48;�Existen las condiciones (recursos) e incentivos para la publicaci�n de datos abiertos?;No, pero se est�n definiendo;B�sico;2
Datos AbiertosPublicaci�n�Existen las condiciones (recursos) e incentivos para la publicaci�n de datos abiertos?S�, aunque est�n en proceso de implementaci�n o redefinici�n;Datos Abiertos;Publicaci�n;48;�Existen las condiciones (recursos) e incentivos para la publicaci�n de datos abiertos?;S�, aunque est�n en proceso de implementaci�n o redefinici�n;Medio;4
Datos AbiertosPublicaci�n�Existen las condiciones (recursos) e incentivos para la publicaci�n de datos abiertos?S� y son efectivos;Datos Abiertos;Publicaci�n;48;�Existen las condiciones (recursos) e incentivos para la publicaci�n de datos abiertos?;S� y son efectivos;Avanzado;6
Datos AbiertosPublicaci�n�Se incentiva la publicaci�n de datasets de alta contribuci�n seg�n lo que estipula la normativa de datos abiertos y estrategia nacional de datos abiertos?No;Datos Abiertos;Publicaci�n;49;�Se incentiva la publicaci�n de datasets de alta contribuci�n seg�n lo que estipula la normativa de datos abiertos y estrategia nacional de datos abiertos?;No;Insuficiente;0
Datos AbiertosPublicaci�n�Se incentiva la publicaci�n de datasets de alta contribuci�n seg�n lo que estipula la normativa de datos abiertos y estrategia nacional de datos abiertos?No, pero se est� desarrollado un plan de cumplimiento;Datos Abiertos;Publicaci�n;49;�Se incentiva la publicaci�n de datasets de alta contribuci�n seg�n lo que estipula la normativa de datos abiertos y estrategia nacional de datos abiertos?;No, pero se est� desarrollado un plan de cumplimiento;B�sico;2
Datos AbiertosPublicaci�n�Se incentiva la publicaci�n de datasets de alta contribuci�n seg�n lo que estipula la normativa de datos abiertos y estrategia nacional de datos abiertos?S�, se est� implementando el plan de cumplimiento;Datos Abiertos;Publicaci�n;49;�Se incentiva la publicaci�n de datasets de alta contribuci�n seg�n lo que estipula la normativa de datos abiertos y estrategia nacional de datos abiertos?;S�, se est� implementando el plan de cumplimiento;Medio;4
Datos AbiertosPublicaci�n�Se incentiva la publicaci�n de datasets de alta contribuci�n seg�n lo que estipula la normativa de datos abiertos y estrategia nacional de datos abiertos?S�, se cumple a cabalidad la normativa;Datos Abiertos;Publicaci�n;49;�Se incentiva la publicaci�n de datasets de alta contribuci�n seg�n lo que estipula la normativa de datos abiertos y estrategia nacional de datos abiertos?;S�, se cumple a cabalidad la normativa;Avanzado;6
Datos AbiertosMecanismos de acceso, formato, documentaci�n y condiciones de uso�Con qu� mecanismos de acceso, formato, documentaci�n y condiciones de uso se publican los datos abiertos?No Aplica (no se publican datos abiertos);Datos Abiertos;Mecanismos de acceso, formato, documentaci�n y condiciones de uso;50;�Con qu� mecanismos de acceso, formato, documentaci�n y condiciones de uso se publican los datos abiertos?;No Aplica (no se publican datos abiertos);Insuficiente;0
Datos AbiertosMecanismos de acceso, formato, documentaci�n y condiciones de uso�Con qu� mecanismos de acceso, formato, documentaci�n y condiciones de uso se publican los datos abiertos?Descargables no siempre documentados y en algunos casos en ;Datos Abiertos;Mecanismos de acceso, formato, documentaci�n y condiciones de uso;50;�Con qu� mecanismos de acceso, formato, documentaci�n y condiciones de uso se publican los datos abiertos?;Descargables no siempre documentados y en algunos casos en formatos de imagen (documentos);B�sico;2
Datos AbiertosMecanismos de acceso, formato, documentaci�n y condiciones de uso�Con qu� mecanismos de acceso, formato, documentaci�n y condiciones de uso se publican los datos abiertos?Descargables, documentados y con formatos siempre legibles ;Datos Abiertos;Mecanismos de acceso, formato, documentaci�n y condiciones de uso;50;�Con qu� mecanismos de acceso, formato, documentaci�n y condiciones de uso se publican los datos abiertos?;Descargables, documentados y con formatos siempre legibles (no im�genes);Medio;4
Datos AbiertosMecanismos de acceso, formato, documentaci�n y condiciones de uso�Con qu� mecanismos de acceso, formato, documentaci�n y condiciones de uso se publican los datos abiertos?Descargables y accesibles mediante APIs, documentados, con ;Datos Abiertos;Mecanismos de acceso, formato, documentaci�n y condiciones de uso;50;�Con qu� mecanismos de acceso, formato, documentaci�n y condiciones de uso se publican los datos abiertos?;Descargables y accesibles mediante APIs, documentados, con formatos siempre legibles (no im�genes) y con condiciones de uso definida (licencia);Avanzado;6
Aspectos Legales y NormativosParticipaci�n del �rea jur�dica�Existe participaci�n del �rea jur�dica en la definici�n y validaci�n de pol�ticas y procedimientos de gobierno de datos para asegurar cumplimiento de las leyes y normativas?No;Aspectos Legales y Normativos;Participaci�n del �rea jur�dica;51;�Existe participaci�n del �rea jur�dica en la definici�n y validaci�n de pol�ticas y procedimientos de gobierno de datos para asegurar cumplimiento de las leyes y normativas?;No;Insuficiente;0
Aspectos Legales y NormativosParticipaci�n del �rea jur�dica�Existe participaci�n del �rea jur�dica en la definici�n y validaci�n de pol�ticas y procedimientos de gobierno de datos para asegurar cumplimiento de las leyes y normativas?S�lo es in;Aspectos Legales y Normativos;Participaci�n del �rea jur�dica;51;�Existe participaci�n del �rea jur�dica en la definici�n y validaci�n de pol�ticas y procedimientos de gobierno de datos para asegurar cumplimiento de las leyes y normativas?;S�lo es informada;B�sico;2
Aspectos Legales y NormativosParticipaci�n del �rea jur�dica�Existe participaci�n del �rea jur�dica en la definici�n y validaci�n de pol�ticas y procedimientos de gobierno de datos para asegurar cumplimiento de las leyes y normativas?Es informa;Aspectos Legales y Normativos;Participaci�n del �rea jur�dica;51;�Existe participaci�n del �rea jur�dica en la definici�n y validaci�n de pol�ticas y procedimientos de gobierno de datos para asegurar cumplimiento de las leyes y normativas?;Es informada y valida;Medio;4
Aspectos Legales y NormativosParticipaci�n del �rea jur�dica�Existe participaci�n del �rea jur�dica en la definici�n y validaci�n de pol�ticas y procedimientos de gobierno de datos para asegurar cumplimiento de las leyes y normativas?Participa ;Aspectos Legales y Normativos;Participaci�n del �rea jur�dica;51;�Existe participaci�n del �rea jur�dica en la definici�n y validaci�n de pol�ticas y procedimientos de gobierno de datos para asegurar cumplimiento de las leyes y normativas?;Participa en la definici�n y validaci�n;Avanzado;6
Aspectos Legales y NormativosCumplimiento aspectos legales y normativos�Se cumple con las regulaciones y est�ndares relevantes en cuanto a la gesti�n y protecci�n de datos personales (PDP) y existen procedimientos para garantizar el cumplimient;Aspectos Legales y Normativos;Cumplimiento aspectos legales y normativos;52;�Se cumple con las regulaciones y est�ndares relevantes en cuanto a la gesti�n y protecci�n de datos personales (PDP) y existen procedimientos para garantizar el cumplimiento frente a cambios legislativos o normativos?;No;Insuficiente;0
Aspectos Legales y NormativosCumplimiento aspectos legales y normativos�Se cumple con las regulaciones y est�ndares relevantes en cuanto a la gesti�n y protecci�n de datos personales (PDP) y existen procedimientos para garantizar el cumplimient;Aspectos Legales y Normativos;Cumplimiento aspectos legales y normativos;52;�Se cumple con las regulaciones y est�ndares relevantes en cuanto a la gesti�n y protecci�n de datos personales (PDP) y existen procedimientos para garantizar el cumplimiento frente a cambios legislativos o normativos?;S�, se ha realizado revisi�n y definido plan de cumplimiento;B�sico;2
Aspectos Legales y NormativosCumplimiento aspectos legales y normativos�Se cumple con las regulaciones y est�ndares relevantes en cuanto a la gesti�n y protecci�n de datos personales (PDP) y existen procedimientos para garantizar el cumplimient;Aspectos Legales y Normativos;Cumplimiento aspectos legales y normativos;52;�Se cumple con las regulaciones y est�ndares relevantes en cuanto a la gesti�n y protecci�n de datos personales (PDP) y existen procedimientos para garantizar el cumplimiento frente a cambios legislativos o normativos?;S�, se ha realizado revisi�n y se est� aplicando plan de cumplimiento;Medio;4
Aspectos Legales y NormativosCumplimiento aspectos legales y normativos�Se cumple con las regulaciones y est�ndares relevantes en cuanto a la gesti�n y protecci�n de datos personales (PDP) y existen procedimientos para garantizar el cumplimient;Aspectos Legales y Normativos;Cumplimiento aspectos legales y normativos;52;�Se cumple con las regulaciones y est�ndares relevantes en cuanto a la gesti�n y protecci�n de datos personales (PDP) y existen procedimientos para garantizar el cumplimiento frente a cambios legislativos o normativos?;S�, se cumple y se cuenta con procedimientos para garantizar cumplimiento frente a cambios;Avanzado;6
